说话人,文本内容,source
NPC,许野，,1
NPC,你真的要跟顾梦瑶离婚吗？,1
NPC,再考虑一下吧。,1
许野,不要考虑了，我的人生，,1
许野,我的人生已经被她给毁了，,1
许野,你说我当初怎么会看上她呀，,1
许野,如果这上天，能给我再来一次的机会就好了。,1
许野,顾梦瑶，这个家里的钱都去哪儿了？,1
顾梦瑶,我用了，怎么了？,1
顾梦瑶,谁让你每个月就只挣那么点钱呢？,1
许野,公司里十几个兄弟，,1
许野,等着我发工资呢。,1
许野,我要是发不了工资，,1
许野,我只能把去年买的那套房子给卖了，,1
许野,你知道吗？,1
许野,哎，,1
许野,让开，让开，房产证呢，给我。,1
顾梦瑶,我把房子给我弟弟了，,1
顾梦瑶,他马上就要结婚了，,1
顾梦瑶,我把房子送给他。,1
许野,顾梦瑶，,1
许野,你现在去，去把房产证给我拿回来。,1
顾梦瑶,要不回来了。,1
顾梦瑶,那房产证上已经是他的名字。,1
许野,那我只能把这套房子给卖了。,1
顾梦瑶,许野我告诉你，,1
顾梦瑶,你要是敢把这房子卖了，,1
顾梦瑶,咱俩离婚。,1
许野,离就离！,1
顾梦瑶,你凭什么跟我离婚啊，当初是你追的我！,1
许野,是我眼瞎，行了吧！,1
许野,现在，在高考，,1
许野,我回到了二零一四年高考的考场。,1
许野,啊，,2
许野,英语是高考最后一课，,2
许野,我前市的语文数学理综的分数都很高。,2
许野,如果英语能考好，,2
许野,一本不是问题。,2
许野,当初考完后，,2
许野,我还特地对了几遍英语试卷答案，,2
许野,只可惜啊，过去太久了。,2
许野,等等，,2
许野,这是怎么回事？,2
许野,不对不对，怎么这么多年过去了，,2
许野,我还记得这些答案，,2
许野,这难道是重生后的福利吗？,2
许野,我许野重生了！,2
秦志伟,许野，不是说好考完等我？,2
秦志伟,你丫的怎么自己走了。你考怎么样？,2
许野,伟哥，,2
许野,谁能想到，,2
许野,我们昨晚还在一起喝酒，,2
许野,今天我就重生来见你了。,2
许野,还行吧，,2
许野,一本呢没啥问题，,2
秦志伟,你能考上一本老子跟你姓。,2
许野,走走走，问问你爸答不答应。,2
许野,我前世遇到了顾梦瑶，,2
许野,你也被老婆绿了，,2
许野,咱俩在感情方面的运气还真是不好。,2
秦志伟,你一会儿干嘛去啊？,2
许野,我要跟我爸妈一起吃饭去。,2
秦志伟,什么情况，,2
秦志伟,你不追顾梦瑶啊？,2
许野,都重生了，,2
许野,谁还追他呀？,2
许向东,小许，小许，这儿！,3
许野,爸！妈！,3
张虹,怎么样？,3
张虹,考的怎么样啊？,3
许向东,看你这个人，刚不是说了不问的吗？,3
张虹,我关心儿子，,3
张虹,关你什么事。,3
许向东,你看你妈。,3
顾梦瑶,你会不会做饭啊！,3
顾梦瑶,这菜做那么咸，,3
顾梦瑶,让人怎么吃啊？,3
许野,呃，,3
许野,先将就一下吧。,3
顾梦瑶,怎么将就啊，饭做的不好，,3
顾梦瑶,还不让人说了是吗？,3
张虹,对不起，,3
张虹,我再重做一份。,3
顾梦瑶,做什么做啊，,3
顾梦瑶,我点外卖。,3
许野,前世顾梦瑶嫁给我之后，,3
许野,对我爸妈颐指气使，,3
许野,他们为了我只能处处忍让，,3
许野,五十多岁就白了头发。,3
许野,这辈子我要挣钱，,3
许野,不会让他们再受苦了。,3
许向东,儿子，不管考的怎么样，,3
许向东,咱不要去想了。,3
张虹,对。,3
许向东,今天咱父子俩不醉不归。,3
张虹,对，,3
张虹,不管考多少分，,3
张虹,你都是我的好儿子。,3
许野,其实我这次考的挺好的，,3
许野,上个一本估计没啥问题。,3
张虹,啊？！,3
许向东,真的假的你？,3
张虹,好，好啊。,3
许野,妈，你辛苦了。,3
张虹,说什么怎么这么恶心啊？,3
许向东,真是的。,3
许野,就是突然看到你手上的老茧，,3
许野,觉得您为这个家付出的太多了。,3
张虹,这孩子。,3
许野,哎呀，,3
许野,行了，没事儿啊。,3
顾梦瑶,考完了没，给你个机会过来，,3
顾梦瑶,请我吃饭。,3
许野,顾梦瑶。,3
许野,前世我跟你表白，,4
许野,你都会故意找借口拒绝。,4
许向东,哎呀，,4
许野,现在看来你只是把我当备胎，没空。,4
顾梦瑶,你这样，我以后就不理你了。,4
许野,好的，,4
张虹,怎么了儿子？,4
许野,没事儿，,4
许野,我们走吧。,4
张虹,好。,4
许野,如果我没有记错，,4
许野,A股之后，,4
许野,最后一个牛市就要来了，,4
许野,我得抓紧挣到第一桶金，搭上这辆快车。,4
许野,好的。,4
顾梦瑶,气死我了。,4
刘倩,梦瑶，怎么了？,4
顾梦瑶,你自己看吧，,4
顾梦瑶,许野他居然敢这样回复我。,4
刘倩,他是不是因为你最近对他太冷淡了，,4
刘倩,所以故意这样对你呢？,4
顾梦瑶,那怎么办呀？,4
刘倩,那就看谁耗得过谁了，,4
刘倩,等他耗不过你了，,4
刘倩,就知道这招对你没有用。,4
刘倩,到时候他一定加倍对你好。,4
顾梦瑶,那我就不理他了，,4
顾梦瑶,我可不是随随便便的女孩子，,4
顾梦瑶,哪有那么好追。,4
刘倩,没错，,4
刘倩,一定要让他知道男人的自尊心是最可笑的东西。,4
顾梦瑶,对。,4
许野,来喽，,5
许野,来，,5
许野,趁着先喝一口来，来，公司的项目刚结束，,5
许野,我最近要不在家里教你做饭吧，,5
许野,以后少点点外卖，吃多了对身体也不好，是吧？,5
顾梦瑶,许野，,5
顾梦瑶,你什么意思啊？,5
顾梦瑶,我告诉你，,5
顾梦瑶,我在家里就没有做过饭，,5
顾梦瑶,凭什么嫁给了你，就要做饭啊？,5
许野,我我不是这个意思，,5
许野,我哎。,5
许野,爸妈快来吃饭了，一会上班迟到了啊。,5
许野,来，妈。来，爸。,5
张虹,老许快喝，,5
许野,只是一碗粥，,5
许野,就能让他们这么开心。,5
许野,可我以前却总是把坏脾气给家里人，,5
许野,把好脾气给顾梦瑶，真是鬼迷心窍了。,5
许野,妈，爸，我先出去一趟。,5
张虹,老许，来，吃。,5
许野,驾照报了，暑期工找了，,5
许野,银行股票也开户了。,5
许野,接下来就是多积攒些原始资金进入股市了，,5
许野,赚钱才是王道嗯，,5
NPC,青青。,5
陈寒松,青青！,6
陈青青,你说话,6
陈寒松,他是谁呀？,6
陈青青,我男朋友，抓紧点。,6
陈寒松,青青，,6
陈寒松,你别胡闹，,6
陈寒松,你怎么可能有男朋友呢？,6
陈青青,我为什么不能有男朋友，,6
陈青青,我有没有男朋友，,6
陈青青,你知道吗？,6
陈青青,你都不管我，我们走。,6
陈寒松,青青。,6
陈青青,王姨，去商场。,6
王姨,好，,6
段鹏,行长，,6
段鹏,您回来了。,6
陈寒松,刚那男的是谁？,6
陈寒松,来咱们银行干嘛？,6
段鹏,他叫许野，,6
段鹏,刚才在咱们银行开通证券账户，,6
段鹏,说是想买股票。,6
陈寒松,年纪轻轻的，,6
陈寒松,还想炒股赚钱，,6
陈寒松,真是白日做梦。,6
陈寒松,江美琳，,6
陈寒松,你女儿谈恋爱的事儿是真的还是假的？,6
江美琳,谈恋爱？,6
江美琳,陈寒松，,6
江美琳,你在说什么呀？,6
许野,然后呢，,7
许野,刚才那是你爸呀，,7
陈青青,跟你没关系。,7
许野,闹呢，,7
许野,前面停车，我还要去赚钱呢，,7
许野,没功夫陪你玩。,7
陈青青,一万，陪我一天。,7
许野,好嘞。,7
许野,扫码还是现金。,7
许野,你爸妈是不是离婚了？,7
陈青青,你是怎么知道的？,7
许野,我没别的意思啊，,7
许野,这是我刚才推测出来的。,7
许野,刚才明明是你抓着我的手，,7
许野,你手心里却全是手汗，,7
许野,这说明你是一个戒备性很强的人，,7
许野,再结合你刚刚跟你爸说话的态度，,7
许野,这很容易就推测出来了。,7
陈青青,你不去当侦探，,7
陈青青,还真是可惜了。,7
许野,今天你生日，,7
许野,你爸妈没有时间陪你，,7
许野,所以你有报复他们的心思，,7
许野,要不要我帮你把这场戏演完。,7
陈青青,需要。,7
许野,那走呗，去游乐场，,7
许野,然后拍照片发朋友圈呃，,7
许野,提前说好啊，,7
许野,那个游乐场还有吃饭都得你付钱。,7
陈青青,你是一直都这么不要脸吗？,7
许野,其实我也是这段时间脸皮才变厚的，,7
许野,走吧，,7
许野,就从这儿开始玩起。,7
许野,真挺好看的。,7
许野,扫过去了。,7
许野,走吧。,7
许野,哎。,7
许野,这是什么呀？,7
许野,生日快乐，,7
许野,怎么不喜欢不喜欢我还回去吧。,7
陈青青,谁说我不喜欢呢，,7
陈青青,你再帮我拍几张照片啊。,7
许野,好。来笑一笑。,7
许野,对好看好看好看好看。,7
许野,咱们俩来拍几张合照。,7
顾梦瑶,许野，,8
顾梦瑶,你到底在干什么呀？,8
顾梦瑶,为什么这么久都不找我，,8
顾梦瑶,信不信我真的不原谅你了。,8
顾梦瑶,明天的同学聚会你去吗？,8
许野,不知道,8
顾梦瑶,明天下午你有空吗？,8
顾梦瑶,要不要出去逛街？,8
许野,没空。,8
顾梦瑶,许野，,8
顾梦瑶,这是你逼我的。,8
顾梦瑶,喜欢我的，,8
顾梦瑶,又不止你一个，,8
顾梦瑶,我明天就跟段青俊一起去，,8
顾梦瑶,到时候，我就不信你不吃醋。,8
陈青青,我已经发朋友圈了，,8
陈青青,快去点赞，,8
陈青青,接下来的时间，,8
陈青青,你还要继续演下去。,8
许野,这是另外的价钱，,8
许野,好嘞，,8
许野,女朋友。,8
张虹,儿子快快上网查查分儿，,9
许野,不就是高考查分儿吗？,9
许野,这么激动干嘛,9
张虹,臭小子天大地大，,9
张虹,查分最大。,9
张虹,我们今天专门请了半天假，,9
张虹,特意陪你查分的,9
许向东,就是。,9
许向东,好好好。,9
张虹,快快看，六百零八。,9
许向东,哎呦，,9
许向东,我们老许家祖坟山冒青烟了呀。,9
张虹,哎呀，,9
张虹,快快快老许给爸妈打电话报喜哎。,9
许向东,走走走走走，,9
许野,爸，妈，,9
许野,晚上别给我煮饭了，,9
许野,我要参加个同学聚会。,9
许野,六百零八分，,9
许野,这怎么能不去参加同学聚会呢？,9
NPC,来大家举杯庆祝高考结束。,9
NPC,哎，,9
NPC,许野。,9
NPC,你终于来了，,9
NPC,我就说顾梦瑶来，,9
NPC,你肯定来吧，,9
许野,我来可不是为了顾梦瑶啊，,9
许野,毕竟最后一次聚会了，,9
许野,还是要来的。,9
李楠,哎，,9
李楠,谁不知道你追顾梦瑶追了两年啊，,9
李楠,真是癞蛤蟆，想吃天鹅肉。,9
NPC,你干嘛你？,9
李楠,哎，,9
李楠,我有一个事情要向大家宣布一下。,9
李楠,这一次呢我高考考了五百二十九分，,9
李楠,是全班的最高分。,9
李楠,我的父母啊为我准备了酒席，,9
李楠,大伙有时间呢给我来捧捧场。,9
NPC,好，,9
NPC,还得是班长，,9
NPC,班长以后发达了，,9
NPC,可别忘了老同学啊，,9
李楠,那没问题。,9
NPC,哎，许野你多少分？,9
许野,六百零八呀。,9
NPC,什么，多少？,9
秦志伟,什么多少分？,10
李楠,秦志伟，,10
李楠,别大呼小叫的。,10
李楠,聚会呢，注意点纪律。,10
秦志伟,你丫的高考都结束了，,10
秦志伟,你还在这儿装班长是吧？,10
秦志伟,许野。,10
许野,嗯？,10
秦志伟,你没骗我吧。,10
秦志伟,你还真是个人，,10
秦志伟,你真考六百零八分啊，,10
NPC,大伙儿快看我们的班花来了。,10
NPC,欢迎欢迎班花，,10
NPC,怎么跟段青俊一起来了？,10
NPC,真般配啊，,10
顾梦瑶,他这是怎么了？,10
顾梦瑶,难道真的对我没感觉了？,10
段青俊,哎，,10
段青俊,班长，,10
段青俊,你这次我听说又考了最高分，,10
段青俊,不错呀。,10
李楠,你们考的也不错嘛，,10
段青俊,没发挥好，,10
段青俊,也就五百零六分，,10
李楠,五百零六分。,10
顾梦瑶,哈哈我五百一十一分。,10
NPC,五百一十一分，,10
NPC,真厉害啊，,10
NPC,不愧是班花。,10
段青俊,许野，,10
段青俊,你高考多少分儿？,10
段青俊,我估计连过二本线都难了，,10
刘倩,他英语偏科那么厉害，,10
刘倩,这分数自己说出来都觉得丢人吧。,10
顾梦瑶,刘倩。,10
刘倩,我说错了吗？,10
刘倩,梦瑶以你的能力等你上了大学，,10
刘倩,肯定能遇到比他好更多的男生。,10
顾梦瑶,刘建说的没错，,10
顾梦瑶,他根本配不上我。,10
顾梦瑶,许野，,10
顾梦瑶,我本来还想再给你一次机会，,10
顾梦瑶,现在你没机会了。,10
段青俊,许野，高考没考好，,10
段青俊,就回家复习去。,10
段青俊,你说你来同学聚会干嘛呢？,10
秦志伟,不是你们在这装什么？,10
秦志伟,许野高考考了六百零八分，,10
秦志伟,是我们班最高分！,10
秦志伟,许野高考六百零八分，,11
秦志伟,他才是我们班最高分。,11
段青俊,这这怎么可能？他英语偏科这么厉害，,11
段青俊,怎么可能考这么高，,11
NPC,就是，肯定是骗人的。,11
段青俊,许野。,11
段青俊,你这张截图肯定是假的。,11
段青俊,正好班主任来电话了，,11
段青俊,我现在就当着所有人的面拆穿你的谎言。,11
班主任,许野，,11
班主任,你太厉害了，,11
班主任,六百零八分啊，,11
班主任,你的高考分数是我们学校的最高分，,11
班主任,学校会特批给你一笔奖学金，,11
班主任,有空记得来学校一趟。,11
NPC,天哪，他怎么这么厉害呢？,11
段青俊,这怎么可能？,11
段青俊,哎，你们是不是看...,11
许野,班导，,11
许野,我听见了，,11
许野,明天我抽空去趟学校。,11
顾梦瑶,他居然真的考得这么高，这不可能，,11
顾梦瑶,离开我之后，,11
顾梦瑶,他凭什么过得比我好？,11
顾梦瑶,许野，,11
顾梦瑶,没想到你高考发挥的这么好，,11
顾梦瑶,那你之后准备去哪儿上大学，是省会还是外地啊？,11
许野,这跟你有关系吗？,11
许野,这跟你有关系吗？,12
章若蔚,许野，,12
章若蔚,你怎么跟梦瑶说话呢？,12
章若蔚,你还想不想追梦瑶了？,12
许野,不想了。,12
顾梦瑶,许野，,12
顾梦瑶,你之前跟我说过，,12
顾梦瑶,要跟我在同一个地方上大学的，,12
顾梦瑶,难道你忘了吗？,12
许野,忘了。,12
顾梦瑶,你怎么能这样？,12
顾梦瑶,我们之间是不是有什么误会。,12
许野,没有误会。而且我现在已经有女朋友了。,12
许野,请你离我远一点，,12
许野,我不想让我女朋友误会。,12
顾梦瑶,有女朋友了？,12
刘倩,骗人的吧。,12
刘倩,我们刚刚高考完，,12
刘倩,你哪来的时间找女朋友？,12
顾梦瑶,我也不信，,12
许野,不信拉倒。,12
顾梦瑶,许野，你混蛋。,12
刘倩,梦瑶，,12
刘倩,我们以后别理他了。,12
段青俊,许野，,12
段青俊,你是不是个男人？,12
段青俊,梦瑶都这样低声下气了，,12
段青俊,你还不依不饶呢，,12
段青俊,现在向他道歉！道歉！,12
李楠,就是，分数考那么高，,12
李楠,有什么好嘚瑟的呀？,12
李楠,这以后出了社会，,12
李楠,靠的还得是人脉关系啊。,12
许野,啊对对对，啊是是是。,12
许野,伟哥，我先撤了啊。,12
秦志伟,走，我跟你一块儿走，,12
顾梦瑶,许野。,12
许野,借过。,12
刘倩,走就走呗，神气什么呀？,12
顾梦瑶,可是我觉得刚才许野好帅啊。,12
段青俊,我也帅。,12
顾梦瑶,刘倩，,12
顾梦瑶,你说许野他到底怎么了？,12
顾梦瑶,难不成？,12
顾梦瑶,他真的对我没有感觉了吗？,12
刘倩,没事儿，,12
刘倩,他肯定是吃醋了，,12
刘倩,你回头跟他解释一下，,12
刘倩,把事情说开了就没事儿。,12
顾梦瑶,对，,12
顾梦瑶,一定是这样的。,12
顾梦瑶,他是看我跟段青俊在一起，,12
顾梦瑶,心里吃醋才这样，,12
顾梦瑶,许野，我就知道你心里还是在乎我的。,12
顾梦瑶,好，你说的对。,12
顾梦瑶,我现在就去找他解释清楚。,12
段青俊,梦瑶！,12
刘倩,你等等我！,12
秦志伟,不是许野，,13
秦志伟,这李楠和那段青俊也太不是东西了吧。,13
许野,我都不气，,13
许野,你气什么呀？,13
许野,他们现在还没出社会，,13
许野,等以后，,13
许野,他们出来就知道面子在外面一文不值。,13
秦志伟,许野，,13
秦志伟,我总感觉你变成熟了。,13
许野,必须的呀，毕竟我是你义父，,13
秦志伟,你小子。,13
顾梦瑶,许野，你等等我！,13
许野,真晦气！,13
秦志伟,许野，这是怎么了？,13
秦志伟,他之前恨不得围着顾梦瑶转。,13
秦志伟,怎么现在态度这么冷淡，,13
秦志伟,难道他真的有女朋友了？,13
顾梦瑶,许野，,13
顾梦瑶,你等等我。,13
许野,你有什么事儿吗？,13
顾梦瑶,许野，,13
顾梦瑶,你是不是误会什么了？,13
顾梦瑶,我和刘倩一直在一起呢，,13
顾梦瑶,和段青俊只是在半路上遇见的。,13
许野,你不用跟我解释这么多，,13
许野,我不感兴趣。,13
刘倩,许野，,13
刘倩,你什么意思呀？,13
刘倩,梦瑶都跟你解释了，,13
刘倩,你还想要他怎么样啊？,13
许野,话可不是这么说的吧。,13
许野,当初许也围着顾梦瑶的时候，,13
许野,也没见他脸好脸色。,13
刘倩,你是不是觉得男生追女生只要对女生好，,13
刘倩,我们就一定要同意啊。,13
刘倩,男生追女生，,14
刘倩,只要对女生好，,14
刘倩,我们就一定要同意啊。,14
秦志伟,喜欢就是喜欢，不喜欢就是不接受。,14
秦志伟,她如果不喜欢许野的话，,14
秦志伟,为什么要隔三差五的接受他的早餐？,14
刘倩,接受不代表同意,14
秦志伟,你们什么逻辑啊？,14
许野,行了，,14
许野,我没功夫陪你们，,14
许野,在这浪费时间，,14
许野,没什么事儿，,14
许野,我先走了。,14
顾梦瑶,许野，,14
顾梦瑶,你必须给我一个解释。,14
许野,你是谁啊？,14
许野,我凭什么给你解释，让开！,14
顾梦瑶,我就不让！,14
许野,哎女朋友想我啦！,14
陈青青,我想去看电影，,14
陈青青,我们现在就去，,14
陈青青,我去接你,14
许野,那正好我这有俩神经病一直缠着我的，你快来吧啊。,14
刘倩,梦瑶，,14
刘倩,你不会真的要跟他在一起吧。,14
顾梦瑶,我只是说高中不准备谈对象。,14
顾梦瑶,又没说大学不会谈。,14
刘倩,你真喜欢他呀？,14
顾梦瑶,我就是觉得身边突然少了一个人，,14
顾梦瑶,很没有安全感。,14
顾梦瑶,我就是身边突然少了一个人，,15
顾梦瑶,很没有安全感。,15
刘倩,梦瑶没事的，,15
刘倩,上了大学就好了。,15
刘倩,大学里比学院还要好的，,15
刘倩,高富帅肯定多的是，到时候一定很多人追你的。,15
顾梦瑶,刘倩，,15
顾梦瑶,你说许野，,15
顾梦瑶,他说的是真的吗？,15
刘倩,什么真的呀？,15
顾梦瑶,他真的有女朋友了吗？,15
刘倩,哎，,15
刘倩,肯定是骗人的呀，,15
刘倩,我们才高考完了半个多月，,15
刘倩,他一直在打暑期工，,15
刘倩,哪有时间找女朋友啊？,15
顾梦瑶,秦志伟，许野，,15
顾梦瑶,是不是找了新的女朋友啊，,15
秦志伟,我不知道，这到底有没有女朋友，也不跟我说清楚。,15
许野,好，,15
许野,我等着你。,15
许野,嗯，,15
许野,我女朋友一会儿就来接我了。,15
秦志伟,许野，,15
秦志伟,你不会真的有女朋友了吧。,15
许野,当然是真的了。,15
许野,我要是骗你，以后，,15
许野,我不再看爱情动作片，,15
秦志伟,发这么毒的誓啊。,15
顾梦瑶,许野，,15
顾梦瑶,你一定是骗我的，,15
顾梦瑶,对不对？,15
许野,我没功夫骗你，,15
许野,你还是赶紧走吧，,15
许野,不然让我女朋友误会。,15
刘倩,许野，也就算你有女朋友，,15
刘倩,那也一定没有梦瑶漂亮。,15
段青俊,梦瑶，,16
段青俊,你看你走太快了，,16
段青俊,包都忘拿了谢谢。,16
段青俊,等车呢梦瑶，,16
段青俊,我正好让我爸开奔驰过来呢，,16
段青俊,一会儿让他一起送你回去。,16
刘倩,没想到你家这么有钱啊。,16
段青俊,还行吧，,16
段青俊,我爸在银行上班是银行经理，,16
刘倩,梦瑶，,16
刘倩,我们坐他们家车吧，,16
刘倩,我还没有坐过奔驰呢。,16
顾梦瑶,许野，你是骗我的，,16
顾梦瑶,对不对？,16
顾梦瑶,你是故意编了个女朋友，,16
顾梦瑶,想要骗我的，,16
顾梦瑶,是不是？,16
刘倩,许野一直在欺负梦瑶，,16
刘倩,刚才说要让他女朋友来接他。,16
段青俊,你过分了吧，,16
段青俊,你别仗着梦瑶，,16
段青俊,他喜欢你，,16
段青俊,你就这样玩弄他的感情。,16
许野,谁要玩弄他感情了，,16
许野,我早就跟他说过，,16
许野,我有女朋友，是她对我纠缠不休。,16
段青俊,你怎么可能有女朋友，,16
段青俊,你还说不是故意气梦瑶的，快给梦瑶道歉！,16
许野,你喜欢给他当狗，,16
许野,不是所有人都跟你一样喜欢给她当狗的。,16
李楠,你！,16
李楠,许野，都是同学，,16
李楠,你话说的太过分了！,16
段鹏,青俊。,17
段青俊,爸，,17
段青俊,正好，,17
段青俊,我这有几个同学帮我送他们回家，女同学。,17
顾梦瑶,叔叔好，,17
段鹏,同学们好，青俊啊，你看看有事顺路一刻上车吧。,17
段青俊,得嘞，,17
段鹏,他不是大小姐的男朋友吗？,17
段鹏,居然是青俊的同学，,17
段鹏,或许得好好问问青俊，,17
顾梦瑶,难道是我的错觉吗？,17
顾梦瑶,段青君的爸爸居然对许野点头示意。,17
刘倩,梦瑶还愣着干什么呀？,17
刘倩,我们赶紧走吧。,17
顾梦瑶,嗯要不你先走吧，,17
顾梦瑶,我再等等。,17
刘倩,梦瑶，他都故意那样气你了，,17
刘倩,你还管他干什么呀？,17
顾梦瑶,刘倩。,17
段青俊,就是梦瑶，,17
段青俊,你才是天下最漂亮的，,17
段青俊,就算她找了女朋友，,17
段青俊,肯定也不及你的万分之一。,17
李楠,许野，,17
李楠,你要是想着随便找一个人来冒充女朋友，,17
李楠,故意气梦瑶的话，,17
李楠,那我只能说你太幼稚了，,17
刘倩,就是，我们梦瑶可是班花。,17
NPC,不是哎你们看那什么车，好漂亮啊，,17
NPC,哦，,18
NPC,这是天女下凡吧，,18
NPC,怎么会有这么漂亮的女人，,18
NPC,他好像在看我，,18
NPC,哎，,18
陈青青,走吧。,18
陈青青,许野，,18
陈青青,我们去看电影吧。,18
顾梦瑶,说的是真的，,18
顾梦瑶,他真的有女朋友，,18
刘倩,这可比顾梦瑶优秀多了，,18
刘倩,要是能成为她的闺蜜就好了。,18
段青俊,他是许野女朋友，,18
段青俊,凭什么呀？,18
段青俊,那个美女，,18
段青俊,我自我介绍一下，,18
段青俊,我爸呢是银行的经理，,18
段青俊,我呢,18
段鹏,给我滚一边去。,18
段鹏,大小姐，,18
段鹏,许先生，,18
段鹏,对不起啊，,18
段鹏,我儿子喝多了，,18
段鹏,我代他向你道歉。,18
许野,段经理，,18
许野,家庭教育挺重要的，,18
段鹏,是，您说的是。,18
许野,青青,18
许野,这是伟哥，,18
许野,是我的死党。,18
许野,从小学到高中，,18
许野,我们一直是同学，,18
许野,我们关系很好了。,18
陈青青,你好伟哥。,18
秦志伟,你好你好。,18
许野,伟哥，,18
许野,我就不送你回去了，,18
许野,我要跟我女朋友看电影去呢。,18
秦志伟,哎好好好好好看电影好。,18
段鹏,慢走啊，,18
秦志伟,这小子真能找到女朋友，,19
秦志伟,哎，,19
秦志伟,等会儿我什么时候让他叫我伟哥了。,19
秦志伟,臭小子走的什么桃花运，,19
秦志伟,竟然能找到这么好看一个女朋友。,19
秦志伟,真他妈该死。,19
段鹏,你给我起来，,19
段鹏,谁让你这么狂的？,19
段鹏,我就是一个小小的银行经理，,19
段鹏,很屌吗？,19
段青俊,爸，,19
段青俊,那女的到底谁呀？,19
段鹏,你是不是眼瞎？,19
段鹏,人家开的是劳斯莱斯，,19
段鹏,咱开的是什么？,19
段鹏,更何况我在他面前都得恭恭敬敬的，,19
段鹏,你还敢这么狂，,19
段鹏,不如你来当爹。,19
段青俊,爸，许野总没背景了吧。,19
段鹏,你还有脸说，,19
段鹏,人家年纪轻轻，,19
段鹏,就在我们银行开户，还存了不少钱，,19
段鹏,做投资理财，,19
段鹏,你也配跟人家比。,19
段鹏,再说了，,19
段鹏,他还是大小姐的男朋友。,19
段青俊,他真是许野女朋友,19
段青俊,都见过家长了，你说呢？,19
段青俊,滚回车上去。,19
段鹏,行长，我看到小姐了，,19
陈青青,拉够了吗？,19
许野,不好意思啊，,19
许野,我入戏太深了。,19
许野,嗯，,19
许野,臭小孙走的什么桃花运，竟然能找到这么好看的一个女朋友，,19
许野,真他妈该死，,19
许野,因为爷帅呀，啊？嗯？,19
陈青青,挂掉。,19
陈青青,挂掉啊，,20
陈青青,这是我爸的电话，,20
陈青青,以后只要他给你打电话，,20
陈青青,你都别接。,20
许野,不是你爸怎么会有我的电话号码。,20
陈青青,前两天你是去银行干什么了，,20
许野,办卡呀，,20
许野,他是他的高管啊，,20
陈青青,他是行长，,20
许野,你笑什么？,20
许野,你说你说他会不会把我单独约出来，,20
许野,然后告诉我给你一百万，,20
许野,离我女儿远点儿，,20
陈青青,你在想屁吃，,20
许野,不是，你怎么不问，,20
许野,我会不会答应？,20
陈青青,那你会答应吗？,20
许野,我当然我当然会呀，,20
许野,你别说给我一百万了，,20
许野,你给我一万块，,20
许野,我都听你爸的。,20
陈青青,混蛋。,20
许野,哎，,20
许野,那个我大学在魔都技术学院，,20
许野,你会在魔都吗？,20
陈青青,我在魔都音乐学院，,20
陈青青,那到时候我送你去呗。,20
陈青青,嗯嗯。,20
陈寒松,啊，,20
陈寒松,猪！猪！天杀的二百五，,20
陈寒松,谁也不许碰我的女儿。,20
许野,妈。,21
张虹,昨晚怎么又那么晚回来啊，,21
许野,哎呀。,21
张虹,哦，,21
张虹,对了，,21
张虹,我忘记问你了。,21
许野,嗯，,21
张虹,这暑期工作都干什么呀？,21
许野,哎呀，不是说了吗？,21
许野,服务行业的,21
张虹,具体一点,21
许野,酒吧当男模。,21
张虹,什么，我花钱供你读书，,21
张虹,你就去做那种工作，,21
张虹,这是白养。,21
张虹,以后你别叫我妈。,21
许野,一个月八千。,21
张虹,这话要说回来了啊，,21
张虹,工作不分高低贵贱，,21
张虹,呃，,21
张虹,都是靠双手挣钱嘛，,21
张虹,不丢人。,21
张虹,对了，,21
张虹,你爸能去吗？,21
许向东,你俩能不能好好说话？,21
许野,哎呀，其实我就是在一个青吧里当服务员，,21
许野,人家是正经行业。,21
许野,老板娘对我可好了呢。,21
许野,我吃饱了，,21
许野,先走了妈。,21
陈寒松,我是陈青青的父亲，,21
陈寒松,你是许野，,21
陈寒松,对吧？,21
许野,是我。,21
陈寒松,司机已经在你家楼下了，,21
陈寒松,你坐车来银行一趟，,21
陈寒松,我想跟你聊聊，,21
陈寒松,妈我出去一趟,21
张虹,又去找谁啊？,21
张虹,找我未来的老丈人啊，,21
段鹏,许先生，跟我来吧，,21
段鹏,行长在楼上等你。,21
NPC,段经理好。,22
NPC,先生你好，,22
段鹏,行长，人到了。,22
陈寒松,不要紧张，,22
陈寒松,先坐。,22
许野,我不紧张。,22
许野,哎，,22
许野,你也是刚高考完，高考分数怎么样？,22
许野,还行吧，六百零八分,22
陈寒松,有目标院校吗？,22
许野,魔都金融学院,22
陈寒松,以你的成绩其实可以有更好的选择。,22
许野,我的高考分数要想去魔都的话，,22
许野,选择并不多。,22
陈寒松,所以你首先考虑的是地理位置，,22
陈寒松,是因为知道青青也要去魔都。,22
许野,对。,22
陈寒松,是这样的，,22
陈寒松,晶晶做的决定，,22
陈寒松,我和他妈都没法劝得动。,22
陈寒松,今天叫你来呢，,22
陈寒松,是想跟你商量一下，,22
陈寒松,你能不能换一所目标院校。,22
许野,不能。,22
陈寒松,先不要着急拒绝。,22
陈寒松,我在金融行业也算是有些人脉，,22
陈寒松,如果你答应我的话，,22
陈寒松,等你大学毕业，,22
陈寒松,我给你谋一份体面的工作，,22
陈寒松,应该是不难的。,22
许野,就因为我跟你女儿在同一个城市上大学，你就让我换一所大学上，,22
许野,陈叔叔，你是有多看不起我。,22
陈寒松,小伙子。,22
许野,陈行长，你说话一直都有这么高高在上趾高气昂吗？,22
许野,还是说只有跟我们这种小任务说话，,22
许野,您才这样啊？,22
陈寒松,小伙子，,22
陈寒松,你不要太气盛了。,22
许野,不气盛，,22
许野,还叫年轻人吗？,22
陈寒松,不气盛还叫年轻人吗？,23
陈寒松,不是，他，他一个十八九岁的毛头小子，他凭什么啊他,23
陈寒松,他凭什么怨他？,23
陈寒松,哼,23
陈寒松,我刚跟那小子聊过了，,23
陈寒松,这事儿，,23
陈寒松,这事儿好像被我搞砸了，,23
江美琳,你怎么说的？,23
江美琳,我早就说过，,23
江美琳,把你的架子收一收，,23
江美琳,现在年轻人不吃这套，,23
陈寒松,那我哪知道他会拒绝呀。,23
陈青青,妈，,23
陈青青,我出去一趟，,23
江美琳,你是要去找巡野吗？,23
陈青青,嗯，,23
江美琳,青青妈妈能跟你一起去吗？,23
江美琳,啊，,23
江美琳,妈妈没有要阻止你的意思，,23
江美琳,我是觉得你爸做的不好，,23
江美琳,我想去跟许野道个歉。,23
陈青青,嗯，,23
江美琳,那妈妈去换套衣服。,23
许野,来啦，,24
江美琳,你好，,24
江美琳,我是陈青青的妈妈。,24
许野,阿姨好，,24
许野,呃，,24
许野,来这边坐吧，,24
许野,我给你们弄点饮料。,24
江美琳,好,24
许野,来,24
陈青青,谢谢,24
江美琳,谢谢,24
许野,陈青青,24
许野,嗯，,24
许野,我得给你道个歉。,24
许野,今天下午你爸找我了，,24
许野,他说了让我很生气的话，,24
许野,我听了很恼火，,24
许野,所以才约你出来。,24
陈青青,没事儿，,24
陈青青,我不在意的。,24
许野,为什么？,24
陈青青,因为他一直都觉得所有的人都得听他的，,24
陈青青,所以我大概能猜到他跟你说了些什么？,24
许野,嗯，,24
陈青青,你不是说你会弹吉他吗？,24
陈青青,你跟谁学的？,24
许野,我自学的，,24
陈青青,自学的,24
许野,嗯,24
陈青青,吹牛,24
许野,你把吉他给我，,24
许野,今天下午跟你爸聊完之后，,24
许野,我就写了一首歌，,24
许野,歌名叫做。,24
许野,《如果有一天我变得很有钱》,24
陈青青,如果有一天我变得很有钱，,24
许野,嗯,24
许野,如果有一天我变得很有钱，,24
许野,我的第一选择不是去环游世界，,24
许野,躺在世界上最大最软的沙发。,24
陈寒松,怎么样？,25
陈寒松,我就说我是个天才吧。,25
江美琳,许野，,25
江美琳,我替青青爸爸跟你道个歉，,25
江美琳,今天他说话是有点过分了，,25
陈寒松,没事儿。,25
陈寒松,其实我也理解，,25
陈寒松,毕竟我只是一个在酒吧打暑期工的年轻人，,25
陈寒松,而他是地位尊贵的银行行长，,25
江美琳,你已经比绝大多数年轻人都更优秀，,25
江美琳,你有什么理想吗？,25
陈寒松,远的我倒没有想，,25
陈寒松,现在我只想挣钱，,25
陈寒松,挣很多很多钱，,25
江美琳,多少才算多啊，,25
陈寒松,多到我银行卡里的存款，,25
陈寒松,让陈叔叔没有偏见才算多,25
江美琳,钱。对你来说真的就这么重要吗？,25
陈寒松,当然了，,25
陈寒松,在这个礼崩乐坏的年代，,25
陈寒松,那没钱，,25
陈寒松,连媳妇都娶不了礼崩乐坏啊，,25
江美琳,礼崩乐坏,25
陈寒松,就是彩礼谈崩了，,25
陈寒松,那周围的人不都给乐坏了。,25
江美琳,其实他在同龄人中已经是很优秀了。,25
江美琳,如果他真的有上进心的话，,25
江美琳,未必，,25
江美琳,未必,26
许野,阿姨，,26
许野,不好意思啊，,26
许野,我得工作了。,26
江美琳,嗯，,26
江美琳,今天就先到这儿吧，,26
江美琳,青青，,26
江美琳,我们先走吧，,26
许野,我送你们。,26
许野,好，,26
江美琳,许野,26
江美琳,跟你聊天很愉快，,26
江美琳,不过今天的事我要再给你道个歉。,26
江美琳,你要是跟青青在一起的话，,26
江美琳,我不会阻止你的,26
许野,阿姨你放心吧，,26
许野,我一定会保护好青青的。,26
许野,嗯,26
陈青青,妈，,26
陈青青,你刚刚在外头跟许野说了什么呀？,26
江美琳,青青，许野在同龄人中算是很优秀的,26
江美琳,妈妈支持你们在一起。,26
江美琳,不过在结婚之前，,26
江美琳,我希望你们不要越过某种界限，,26
江美琳,你应该懂妈妈的意思吧,26
陈青青,嗯,26
陈青青,妈，,27
陈青青,我出去一趟,27
江美琳,小许约你了？,27
陈青青,嗯，,27
江美琳,青青，,27
江美琳,你后天不是要去魔都上大学吗？,27
江美琳,妈明天一早就得走，,27
江美琳,但我给你爸打了电话，,27
江美琳,让他送你去魔都，,27
陈青青,我才不要他送你,27
陈青青,你爸好不容易答应你一次，你，,27
陈青青,我出去了,27
江美琳,青青，妈妈在家煮了饭，,27
江美琳,你让小许回来一起吃啊。,27
陈青青,我知道了。,27
陈青青,喂，,27
陈青青,你女儿不想让你送她去魔都,27
陈寒松,他第一次上大学，你不送我不送，,27
陈寒松,让他怎么去啊？,27
陈青青,可能是小许送他吧。,27
陈寒松,小许，许野啊？,27
陈寒松,江美莲，,27
陈寒松,你疯了吧！,27
陈寒松,他们两个再这么发展下去，,27
陈寒松,你想过会发生什么吗？,27
陈青青,我只要青青开心，,27
陈寒松,你简直不可理喻。,27
江美琳,你连你女儿生日都没空，,27
江美琳,现在知道关心你女儿了，,27
江美琳,我怎么,27
江美琳,来了，,27
江美琳,青青,27
陈青青,妈,27
江美琳,都这么大了。,27
陈青青,嗯，,27
许野,老登,27
许野,恭喜你青青怀孕了，,27
江美琳,哎呀，,27
江美琳,不是这,27
江美琳,不行,27
江美琳,我必须得回去一趟。,27
江美琳,嗯，嗯？,28
江美琳,这么快就回来了，,28
江美琳,哼，,28
陈寒松,青青呢？,28
江美琳,跟小许出去了,28
陈寒松,不是你,28
陈寒松,你,28
陈寒松,我,28
江美琳,陈行长,28
江美琳,请注意你的言词。,28
江美琳,这里是我家，,28
江美琳,不是你的银行要发脾气，,28
江美琳,请你离开,28
陈寒松,你,28
江美琳,我懒得跟你多说。,28
江美琳,哼，,28
陈青青,妈我我回来了，,28
江美琳,回来了，,28
许野,阿姨好，叔叔好，那个我先回去吧，,28
江美琳,回去干什么呀？,28
江美琳,汤我都煲好了，,28
江美琳,留下来一起吃饭吧，,28
陈寒松,吃什么吃啊，,28
陈寒松,没饭！,28
许野,这不好意思吧。,28
江美琳,哎，,28
江美琳,菜，我都已经烧好了，,28
江美琳,我现在去盛汤，,28
江美琳,你们先坐啊，,28
许野,谢谢阿姨，,28
许野,青青，你们家卫生间在哪儿？,28
许野,我想洗下手，,28
陈青青,我带你去哎。,28
陈寒松,这怎么才过去一个暑假，家里就进了贼了呢？,29
许野,哎，,29
许野,你爸看我的眼神儿有杀气，,29
陈青青,怎么怕了？,29
许野,我怕什么怕呀，,29
许野,妈喜欢我就够了。,29
陈青青,笨猪,29
江美琳,快过来坐。,29
江美琳,你们去那儿坐吧，,29
许野,妈妈，,29
江美琳,谢谢青青,29
陈寒松,毕竟是亲生女儿，,29
陈寒松,谢谢青,29
许野,谢谢。,29
陈寒松,嗯，,29
江美琳,来小许,29
江美琳,多吃点菜，,29
许野,谢谢阿姨。,29
江美琳,本来今天我只煮了三个人的菜，,29
江美琳,多了一个人，,29
江美琳,我还担心你吃不饱呢。,29
许野,没事，,29
许野,阿姨够吃的吃的吧，,29
江美琳,来多喝点汤，,29
江美琳,补充补充营养，,29
许野,谢谢阿姨。,29
陈寒松,青青啊，,30
陈寒松,我跟你妈已经商量好了，,30
陈寒松,后天，爸爸送你去学校，,30
陈寒松,我已经安排好了时间，,30
陈寒松,咱们后天一早就过去，,30
陈青青,不用我自己可以。,30
陈寒松,哪有大一新生一个人自己去报道的,30
陈寒松,青青啊，别闹了这事儿就听爸爸啊，,30
许野,要不你跟我一起去魔都我可以,30
陈青青,好,30
江美琳,小许，你父母不陪你去吗？,30
许野,我让他们别去的就报个名而已，,30
许野,用不着这么兴师动众的呃，,30
许野,江阿姨也放心，,30
许野,我会先把青青送到学校，,30
许野,等她宿舍安顿好了，,30
许野,我再去我学校，,30
许野,叔叔阿姨，青青,30
许野,那我先走了。,30
江美琳,嗯，,30
江美琳,我送你，正好有些事儿，,30
江美琳,我再跟你聊聊。,30
许野,嗯，,30
江美琳,走吧，,30
陈青青,青青,30
陈寒松,你告诉我，,30
陈寒松,你这样做到底是故意气我，,30
陈寒松,还是真的喜欢上了许许野。,30
江美琳,青青从小到大就没什么朋友，,31
江美琳,你的出现对我来说，既有好处又有坏处，,31
江美琳,好处就是至少青青多了一个朋友，,31
江美琳,但坏处嘛，,31
江美琳,说实话，你很优秀，,31
江美琳,甚至有着超越同龄人的成熟。,31
江美琳,阿姨有时候也看不透你,31
许野,我知道阿姨你想说什么？,31
许野,不过您放心，,31
许野,我肯定不会欺负青青的,31
江美琳,那你真的喜欢青青吗？你真的是她的男朋友,31
许野,阿姨，我也不瞒你，,31
许野,我和琴琴现在只是好朋友。,31
许野,但是以后我真的就是她男朋友了，,31
江美琳,你很坦诚。,31
许野,其实我在和青青爸爸聊过之后，,31
许野,在和您聊过之后，,31
许野,我意识到，自己和青青的差距还挺大的。,31
许野,不过我想说我还年轻，,31
许野,未来还有无限的可能，,31
许野,我会等到我有能力，,31
许野,我有底气，,31
许野,我有自信和他谈恋爱的时候，才会去这样做。,31
江美琳,阿姨相信你,31
许野,阿姨好,31
江美琳,路上小心点儿啊,31
江美琳,那青青就交给你了。,31
许野,阿姨，你放心,31
许野,我会照顾好青青,31
许野,走吧，,31
江美琳,感觉这小伙子挺靠谱的。,31
许野,需要我和你一起上去吗？,32
许野,如果我和你一起上去的话，,32
许野,你室友肯定会认为我是你男朋友。,32
许野,我们先前呢只是为了瞒你父母。,32
许野,如果别人真以为你有男朋友的话，,32
许野,那你大学期间可就没人追你了，,32
陈青青,那我们要约法三章，,32
许野,你说,32
陈青青,第一，,32
陈青青,你只有今天是我男朋友哦，,32
陈青青,不对，,32
陈青青,你是假装我男朋友。,32
陈青青,第二，,32
陈青青,等会儿上去，,32
陈青青,你不许乱说话，,32
陈青青,我不让你说话，,32
陈青青,你就不许说话。,32
许野,嗯。,32
陈青青,第三，,32
陈青青,我给你发消息，,32
陈青青,你必须得秒回，,32
陈青青,而且周末你得随叫随到，,32
许野,前两条我都没问题，,32
许野,发消息秒回我也可以，,32
许野,这周末随叫随到太过分了吧，,32
陈青青,你答应我妈,32
陈青青,你要照顾好我的，,32
许野,我尽量，我尽量，走吧。,32
陈青青,这个,32
江钰,来了，,32
许野,你好，,32
江钰,若蔚，心怡，快快快来帅哥了，收拾一下,32
江钰,帅哥请进,32
江钰,帅哥，,33
江钰,请进,33
许野,三位美女，,33
许野,你们好，,33
许野,我是陈青青男朋友,33
许野,她性格比较内向，,33
许野,以后就麻烦你们多多照顾了。,33
章若蔚,你好，,33
章若蔚,我叫江月,33
陈青青,你好，我是陈青青。,33
陈青青,你好，,33
章若蔚,我叫章若蔚，,33
章若蔚,魔都本地人。,33
章若蔚,你好，,33
沈心怡,我叫沈心怡。,33
陈青青,你好，,33
许野,我叫许野，撒野的野,33
许野,会铺床吗？那我帮你。,33
许野,我给她铺一下床。,33
章若蔚,哎，,33
章若蔚,帅哥，,33
章若蔚,我见过爷爷奶奶，,33
章若蔚,送孩子上大学，,33
章若蔚,也见过爸爸妈妈送孩子上大学，,33
章若蔚,这男朋友送女朋友，,33
章若蔚,我还是第一次见啊，,33
章若蔚,你们俩应该谈的时间挺久了吧，,33
许野,这你都看出来了。,33
许野,哎，,33
许野,你长这么漂亮，应该没少谈吧。,33
章若蔚,是没少谈，,33
章若蔚,就是没有谈过你这么帅的。,33
许野,哎,33
许野,你怎么把他带过来？,33
陈青青,这个可能是我妈，,33
陈青青,她不小心塞进去了,33
许野,行，,33
许野,我帮你放床头。,33
许野,行。,33
许野,行，差不多了，,33
许野,咱们吃饭去吧。,33
许野,我们先走了啊。,33
沈心怡,帅哥再见。,33
章若蔚,拜拜,33
江钰,上天也赐过我那么一个男朋友吧。,33
江钰,我可太爱了,33
章若蔚,江钰矜持一点，,33
章若蔚,外面听得见。,33
许野,你那三个室友，人都还挺不错的，,34
许野,只要跟他们处好关系，,34
许野,你大学期间大概率不会有什么麻烦。,34
陈青青,嗯，,34
许野,只是其他同学，,34
许野,你得自己好好看了。,34
许野,但是要是有男同学找你的话，,34
许野,你必须马上拒绝他们，,34
许野,知道吗？,34
陈青青,为什么？,34
许野,因为除了我男人没一个好东西，,34
许野,特别是搞艺术的，,34
许野,有一个算一个，,34
许野,那不是海王，,34
许野,就是人渣。,34
许野,知道怎么回去吗？,34
陈青青,嗯，,34
陈青青,知道。,34
陈青青,你别忘了我们的约定哦。,34
陈青青,放心吧，忘不了。,34
陈青青,快去吧。,34
陈青青,远离父母白手起家，,34
陈青青,这天终于来了。,34
陈青青,有了在股市中赚的百万企业资金，,34
陈青青,我一定会在这片土地上闯出自己的一片天地。,34
许野,各位，,35
许野,我叫许野，,35
许野,来自江口。,35
许野,如果，我是说如果，我当上班长的话，,35
许野,大学四年我罩着你们。,35
许野,你们跟我混,35
NPC,好。,35
NPC,我支持你。,35
许野,哎呀，,35
许野,以后这家水果店就叫青青水果店。,35
许野,看什么呢？,35
NPC,校花啊，,35
许野,就那样吧，,35
许野,没有我女朋友漂亮，,35
NPC,你还真能装啊。,35
江薇,这个男生挺帅的。,35
NPC,江薇,35
NPC,你不会也看上这个小学弟了吧，,35
江薇,只是觉得这个学弟挺受女生欢迎的。,35
NPC,你要是没看上，,35
NPC,那我可就要追他了。,35
NPC,你好，,35
NPC,学弟可以加你个微信吗？,35
NPC,我也是我也是,35
许野,不好意思啊，,35
许野,我已经有女朋友了啊。,35
江美琳,嗯，已有女友,36
江美琳,难不成？,36
江美琳,他和青青已经确定关系了？,36
江美琳,小许,36
江美琳,你怎么改昵称了？,36
江美琳,这，小许在学校这么抢手吗？,36
江美琳,小许，,36
江美琳,你这周要去找青青吗？,36
许野,这周没空哦,36
许野,我要去别的地方啊，,36
许野,我已经和青青说好了。,36
江美琳,许野这么久还没和青青确定关系。,36
江美琳,他这么优秀，,36
江美琳,到时候不会喜欢上别人吧。,36
许野,张信舟，,36
许野,一会儿你去趟广告店，,36
许野,把咱们的水果单价做成易拉宝，,36
许野,我要放在门口做宣传来，我们店里消费一律明码标价。,36
张信舟,没问题，包在我身上。,36
许野,我会建一个微信群，,36
许野,凡是来店里消费的人，,36
许野,你们都要尝试把他拉入进群，,36
许野,就说群里搞活动，,36
许野,我会提前在群里发出宣传。,36
许野,我们要把一部分的顾客培养成自己的私域客户。,36
许野,待会呢我会发一个朋友圈，,36
许野,你们几位都帮忙转发一下，,36
许野,告诉顾客，,36
许野,只要朋友圈集赞来我们店里消费一律打折。,36
许野,十个赞，,36
许野,打九折，,36
许野,二十个赞，,36
许野,打八折，,36
许野,三十个赞打七折。,36
NPC,许野，你以前是不是做生意的，,36
许野,行了各位大家都加把劲儿，,36
许野,我要让魔都金融学院的所有学生都知道，,36
许野,我们小吃街新开了一家青青水果店。,36
许野,随便看随便挑啊。,37
许野,哎同学，来，请进。,37
NPC,班长,37
许野,呀，你们真来了。,37
NPC,班长亲自创业，我们肯定要来支持一下呀。,37
许野,好嘞，,37
许野,赶紧进去吧，快。,37
NPC,哎，,37
NPC,校，校花儿，江薇学姐真人比照片上漂亮，,37
许野,江薇学姐加个微信吧，,37
NPC,许野，这是怎么回事啊？,37
NPC,他不是有女朋友吗？,37
NPC,他可不能做渣男吗？,37
许野,学姐，,37
许野,我叫许野，,37
江薇,嗯，,37
许野,你帮我转发一下朋友圈第一条呗，,37
江薇,凭什么？,37
许野,你帮我转发，,37
许野,我就免费送你两斤苹果怎么样？,37
许野,够意思吧？,37
江薇,你确定,37
许野,杨飞,37
杨飞,哎,37
许野,拿两斤苹果过来,37
杨飞,来了,37
许野,给，来学姐，送你。,37
许野,学姐再见。,37
许野,靠,37
NPC,怎么了,37
秦志伟,没什么许野,37
秦志伟,我发现你变化好大呀，,37
秦志伟,我怕咱们的差距越来越远。,37
秦志伟,我怕我跟不上你。,37
许野,哎呦，没事儿。,37
许野,凭咱俩二十多年的交情，,37
许野,我以后一定带着你一起发财。,37
秦志伟,不是许野,37
秦志伟,你是不是糊涂了，,37
秦志伟,咱们今年才十八岁，,37
许野,是啊，咱们今年才十八岁。,37
NPC,快去呀,38
NPC,你好，,38
NPC,我们能交个朋友吗？,38
NPC,告白,38
顾梦瑶,抱歉，,38
顾梦瑶,我目前暂时没有想谈恋爱的想法。,38
顾梦瑶,这大学里面至少有两万人，,38
顾梦瑶,难道两万人里面都没有一个条件比许野好的吗？,38
刘倩,梦瑶，,38
刘倩,你别担心，,38
刘倩,咱们慢慢找嘛。,38
刘倩,你现在可是系花，以后肯定能找到比许野更优秀的男生。,38
顾梦瑶,刘倩，你有知道许野的消息吗？,38
顾梦瑶,他成绩那么好，,38
顾梦瑶,又去了魔都，一定会发展的很好吧,38
刘倩,那又怎么样？,38
刘倩,他既没有身份，,38
刘倩,又没有背景，,38
刘倩,就算去了个好大学,38
刘倩,以后，也只是个打工的命。,38
刘倩,梦瑶，大学里面可都是高富帅呀。,38
顾梦瑶,哎呀，,38
顾梦瑶,可是我就是。,38
刘倩,既然你不死心，,38
刘倩,那我打个电话给秦志伟问问好了。,38
顾梦瑶,嗯嗯，,38
刘倩,喂，,38
刘倩,秦志伟，许野现在过得怎么样？,38
刘倩,他在大学肯定混的不好吧，,38
秦志伟,你神经嘛，,38
秦志伟,我告诉你啊，,38
秦志伟,许野好着呢。,38
秦志伟,他军训的时候，,38
秦志伟,当了连队长，,38
秦志伟,现在又是班长，,38
秦志伟,还在校内开了水果店创业，,38
秦志伟,混的比你好多了。,38
刘倩,他挂我电话。,38
陈青青,笨猪，,38
 陈青青,你今天怎么不找我聊啊？,38
许野,最近都在店里忙着挣钱，,39
陈青青,你很缺钱吗？,39
许野,咱们那边的彩礼很贵，,39
许野,我怕你爸妈到时候找我要很多彩礼，,39
许野,我给不起啊啊，,39
陈青青,你，你又乱说。,39
陈寒松,青青，你怎么不接爸爸电话？,39
陈青青,没空，,39
陈寒松,你在忙什么？,39
陈青青,在和许野聊天。,39
陈寒松,青青,39
陈寒松,你告诉爸爸这个许野到底哪里好了？,39
陈寒松,你到底看上他哪一点？,39
陈青青,你不了解他。,39
陈寒松,是我不了解他，可是我现在很少了解他。,39
陈寒松,不行，,39
陈寒松,等这次他放假回来，,39
陈寒松,我一定要找许野好好聊聊，,39
陈寒松,绝不能让他们再这么下去。,39
江钰,我哎青青，,40
江钰,你那个男朋友真是的，,40
江钰,放假了也不来找你啊，,40
沈心怡,就是啊一点都不知道心疼人，,40
陈青青,他是他们班的班长，,40
陈青青,他最近又在忙创业，,40
陈青青,来回路上要一个多小时。,40
陈青青,所以,40
沈心怡,哎呀，知道了。,40
沈心怡,某人又要开始心疼他喽，,40
陈青青,才没有呢。,40
章若蔚,哎呀，,40
章若蔚,青青，,40
章若蔚,我告诉你，,40
章若蔚,你千万不能心疼他。,40
章若蔚,他要是真心疼你的话，,40
章若蔚,不管多忙，,40
章若蔚,他都会过来看你。,40
章若蔚,谈恋爱，就算双向奔赴的，,40
章若蔚,懂不懂，笨蛋。,40
章若蔚,你就信我吧。,40
章若蔚,其实男生很好哄的，,40
章若蔚,他今天要是忙了一整天，,40
章若蔚,你就给他发一句，,40
章若蔚,今天累了吧，抱抱你,40
章若蔚,他就会因为你的一句话，,40
章若蔚,开心得一整晚都睡不着的。,40
章若蔚,其实啊，男生都是很幼稚的。,40
陈青青,真的？,40
章若蔚,哎呀哎呀，,40
章若蔚,我来教你怎么聊天，,40
陈青青,今天店里还忙吗？,40
陈青青,累不累？,40
许野,不累,40
章若蔚,可是你都在我的脑海里跑了一整天。,41
许野,章若蔚,41
许野,你干嘛拿青青手机啊，,41
许野,我告诉你啊，,41
许野,别把我女朋友带坏了。,41
章若蔚,嗯，,41
章若蔚,你怎么知道是我，,41
许野,因为他说不出这么肉麻的情话。,41
许野,因为他说不出这么肉麻的情话。,41
章若蔚,那你为什么不怀疑沈心怡和江钰？,41
许野,只有你是老司机啊，,41
章若蔚,真没劲。,41
沈心怡,哎呦，,41
沈心怡,老司机这次也不行了，,41
章若蔚,你说谁是老司机啊，,41
章若蔚,谁不行了啊，,41
章若蔚,你再说你就是就谁是老司机，,41
章若蔚,你再说一句，,41
章若蔚,谁是老司机？,41
江钰,别闹，别闹，这是图书馆心怡。,41
陈青青,你什么时候来找我，,41
许野,怎么，你想我了？,41
陈青青,才没有呢。,41
许野,别低头看手机了，,41
许野,抬头。,41
陈青青,你怎么来了？,42
许野,因为我想你了，,42
陈青青,你又胡说,42
许野,是我说错了，是我说错了。,42
许野,我想见你行了吧。,42
陈青青,那你怎么都不提前跟我说一声？,42
许野,这不是想给你个惊喜吗？,42
陈青青,惊吓还差不多，,42
许野,这每一个草莓都是我精心挑选，,42
许野,上面盖了一层保护膜，,42
许野,很干净的。,42
沈心怡,哎呦，,42
沈心怡,许野，,42
沈心怡,我也想吃草莓。,42
章若蔚,我也想吃，,42
江钰,还有我还有我,42
许野,都有份儿，都有份儿啊。,42
沈心怡，章若蔚，江钰,真羡慕啊。,42
许野,青青，青青。,43
陈青青,许野，你不能这样。,43
许野,我怎么样了呀？,43
陈青青,以后你要是来找我的话，,43
陈青青,只能偷偷的过来找我。,43
许野,我又不是贼，,43
许野,为什么要偷偷来啊，,43
陈青青,我不管，,43
陈青青,反正你不能这么大张旗鼓的过来，,43
陈青青,我们学校就这么小，,43
陈青青,你这么过来的话，,43
陈青青,所有人都知道你是来找我的了。,43
许野,我不大张旗鼓的过来，,43
许野,你长这么好看，,43
许野,我又不在你身边。,43
许野,万一坏人骚扰你怎么办？,43
陈青青,我们学校没有坏人，,43
陈青青,你就是最大的坏人。,43
陈青青,你饿不饿，,43
陈青青,我请你去吃饭。,43
许野,饿。但我不想吃饭。,43
陈青青,那你想吃什么？,43
许野,我想吃你呀，,43
陈青青,许野,43
许野,开个玩笑嘛，,43
许野,我下午一忙完，,43
许野,我就过来了。,43
许野,我肚子现在已经饿得咕咕叫了，,43
许野,你必须得请我吃顿好的。,43
许野,嗯。,43
陈青青,那我把这个放到宿舍，,43
陈青青,然后一起和章若蔚她们去食堂吃饭啊。,43
陈青青,笨猪,44
江美琳,小许，吃饭了吗？,44
陈青青,好了，吃饭了。,44
许野,在吃呢。,44
江美琳,哟小许去找青青了。,44
江美琳,那他学校不是离得很远吗？,44
江美琳,那晚上怎么办？,44
江美琳,你学校不是离得很远吗？,44
江美琳,晚上怎么办？,44
许野,在附近找个酒店，,44
江美琳,嗯，,44
江美琳, 嗯？,44
许野,阿姨，您这是？,44
江美琳,住个好一点的酒店，但是你们出去玩儿，,44
江美琳,不要让青青太晚回学校哦。,44
陈青青,你在跟谁聊天呢？,44
陈青青,笑得这么开心。,44
许野,跟我妈聊天呢。,44
章若蔚,哎，,45
章若蔚,许野，,45
章若蔚,你明天不是要跟青青一起出去玩吗，,45
章若蔚,那你今天晚上住哪？,45
许野,在我附近找个酒店呗，,45
章若蔚,你那么抠门还舍得花钱住酒店。,45
许野,哎，,45
许野,抠门，,45
许野,那是对我自己，,45
许野,我对青青从来没抠过。,45
许野,嗯？,45
许野,你给我转账干嘛，,45
陈青青,住个好点的酒店。,45
许野,好嘞,45
许野,还真是亲母女啊，,45
许野,发红包的金额都是一模一样。,45
陈俊峰,陈青青，,45
刘倩,你怎么来了？,45
陈俊峰,这位是我怎么从来没有见过？,45
刘倩,许野，青青男朋友，,45
刘倩,我们同班同学哦，,45
陈俊峰,许野是吧？,45
陈俊峰,你和陈青青谈了很久。,45
许野,对，,45
陈俊峰,那你们这算是早恋呢？,45
许野,还行吧，,45
许野,这，我们双方父母都挺开明，,45
许野,青青妈妈也挺支持我们在一起的。,45
陈俊峰,你这是说笑呢？,45
陈俊峰,你这是说笑的吧，,46
许野,没跟你开玩笑啊。,46
许野,刚才青青妈妈还以为我没钱住酒店呢，,46
许野,还给我转账呢。,46
陈青青,我去，,46
陈青青,原来刚刚是在跟我妈聊天，,46
陈青青,那你为什么收了我妈的钱还收我的钱，,46
许野,你的不就是我的钱吗,46
陈俊峰,不是我说咱们大家都算是成年人了，,46
陈俊峰,大学生应该勤工俭学，,46
陈俊峰,怎么还能往家里要钱？,46
陈俊峰,你看我从来就不往家里要钱，,46
陈俊峰,我看你这家境挺普通的，,46
陈俊峰,不像我我爸开了一家公司，,46
陈俊峰,每个月都要给我十万八万的零花钱，,46
陈俊峰,我不要都不行，,46
支付宝,支付宝到账二十三元。,46
陈俊峰,不过我还是挺羡慕你这种普通家庭的。,46
支付宝,支付宝到账十八元。,46
支付宝,支付宝到账二十一点五元。,46
支付宝,支付宝到账十一元。,46
支付宝,支付宝到账。,46
许野,那个不好意思啊，,46
许野,这不是上大学了吗？,46
许野,不好再向家里要钱了，,46
许野,所以呢我自己创了个业，,46
许野,在大学校内开了个水果店，,46
许野,这个时候呢比较忙，,46
许野,没事儿，,46
许野,你继续嘛,46
支付宝,支付宝到账二十五元，,46
支付宝,支付宝到账十四点五元，,46
支付宝,支付宝到账二十六元，,46
支付宝,支付宝到账十一元，,46
支付宝,支付宝到账十八元，,46
陈俊峰,你，我吃饱了，,46
陈俊峰,我们走！我这刚吃几口。,46
刘倩,哈哈哈许野，,47
刘倩,你也太损了吧，,47
刘倩,李俊峰的脸都绿了。,47
刘倩,不过话说你那个水果店生意真那么好？,47
许野,水果店生意还行吧，,47
许野,水果店赚的钱都投入股市，,47
许野,现在股票账户的钱已经快要破千万了，,47
许野,接下来步伐可以更大一些了。,47
刘倩,就是为难你了，,47
刘倩,又要创业，,47
刘倩,又要两头跑，,47
刘倩,这一趟地铁坐下来得两个小时吧？,47
陈青青,要不之后我去找你吧，,47
许野,没事儿，,47
许野,不辛苦啊。,47
许野,再说了，,47
许野,我现在就想赶紧挣钱，,47
许野,然后让你爸早点同意，,47
许野,咱们在一起，,47
陈青青,我们在一起，,47
陈青青,又不需要我爸同意。,47
许野,我先回去了。,47
陈青青,嗯，,47
许野,拜拜,47
刘倩,走啦，还看,47
陈青青,你上次说许野如果开车的话，,47
陈青青,他路上只需要用四十分钟，,47
陈青青,真的假的？,47
刘倩,不堵车的话是这样。,47
陈青青,那如果买一辆车的需要多少钱？,47
陈青青,好一点的，,47
刘倩,普通的话也就二三十万，,47
刘倩,上百万的话就是豪车了。,47
刘倩,你问这干什么？,47
陈青青,没什么。,47
江美琳,青青，小许。,48
陈青青,妈,48
许野,阿姨好。,48
江美琳,放国庆了，,48
江美琳,这次又麻烦你护送青青回来了，,48
江美琳,我现在去买菜，,48
江美琳,留在家里吃饭吧。,48
许野,阿姨，,48
许野,我先回家，,48
许野,见见我爸妈吧，,48
江美琳,也好，,48
江美琳,放了假，,48
江美琳,肯定要先回家。,48
江美琳,这样吧，,48
江美琳,我安排司机送你，,48
江美琳,为了感谢你送青青回来，,48
江美琳,一会儿来家里吃饭。,48
许野,好嘞呃，,48
许野,咱一会儿见。,48
张虹,这玉米挺新鲜的，,48
张虹,给儿子煲汤。,48
张虹,看什么呢？,48
张虹,赶快回家，,48
张虹,儿子马上就回来了，,48
许向东,不是我怎么看见咱儿子好像在那个车上呢？,48
张虹,哦哟,48
张虹,那可是豪车啊，,48
张虹,咱儿子怎么会在那个车上呃，,48
许向东,也是不过看着挺好看，,48
许野,谢谢啊。,48
许野,妈妈，,49
许野,哎，,49
许野,我回来了，,49
许野,哎呀，,49
许野,给我吧，,49
张虹,儿子啊，,49
张虹,你怎么回来的这么快。,49
许野,那当然了，,49
许野,我可是坐劳斯莱斯回来的，,49
许向东,你吹吧，,49
许向东,你以为我不知道劳斯莱斯啊，,49
许向东,那可是几百万的豪车呢，,49
许向东,你说你坐三蹦子，,49
许向东,我还信。,49
张虹,好好跟儿子说话，,49
张虹,走，我们回家。,49
许野,好嘞妈,49
许野,来老许啊，,49
许野,你能不能相信一位班长说的话呀，,49
许向东,班长嗯，,49
许向东,什么班长？,49
许野,我呀。,49
许向东,你大学当班长了，,49
许野,嗯！,49
许向东,净给我胡扯，,49
许向东,你什么样，,49
许向东,老子一清二楚，,49
许向东,你能弄上班长。,49
许野,哼不信你看。,49
张虹,老许，你看还真是啊，,49
许向东,你怎么当上的，,49
许向东,我也不知道啊，,49
许向东,这班长是大家投票选举的，,49
许向东,大家都投给我，,49
许向东,这不想当也得当啊。,49
张虹,哎儿子这新手机哪里来的呀？,49
许野,女朋友送的。,49
张虹,女朋友？,49
许野,妈，,50
许野,你俩这么严肃，,50
许野,干嘛呀？,50
张虹,才上大学，,50
张虹,没几天你就谈了女朋友，还哄着人家女孩子给你买手机，,50
张虹,我们老许家就没出过这种流氓。,50
许野,怎么可能我爸总跟我说，,50
许野,他年轻的时候，,50
许野,那三封情书就把你给拿下了，,50
许向东,你放你妈的狗屁。,50
许向东,我什么时候跟你说过这话说？,50
许向东,说你的事儿呢，别打岔。,50
许野,我们俩是正经恋爱。,50
张虹,儿子，女朋友叫什么名字？,50
许野,陈青青。,50
张虹,她家里是做什么的？,50
许野,他爸是银行行长，,50
许野,他妈是上市公司的总裁。,50
许向东,你净给老子胡扯你。你要是能让银行行长的女儿给你当女朋友，,50
许向东,以后你别叫我爹，,50
许向东,我叫你爹。,50
许野,哎爸这玩笑个不准开啊。,50
张虹,少嬉皮笑脸了，,50
张虹,快把照片发给妈。,50
许野,行，发过去了啊。,50
张虹,哎儿子这女孩真漂亮啊，,50
许野,那是！,50
张虹,她怎么能看上你呢？,50
许野,妈，,50
许野,你说什么呢？,50
张虹,儿子快快快再给妈发几张。,50
许野,行行行，,50
许野,给你两张，,50
许野,看看得了，,50
许野,你千万别发给别人啊，,50
许野,青青知道了，,50
许野,肯定会不高兴的啊。,50
张虹,好的好的，,50
许野,行了，,50
许野,没什么事儿，,50
许野,我先走了，,50
许野,青青妈喊我吃饭呢。,50
张虹,啊啊哦，去吧,50
江美琳,小许。,51
许野,阿姨好。,51
江美琳,你快进来吧。,51
江美琳,青青在房间里，,51
江美琳,你先去找她玩一会儿，,51
江美琳,一会儿再出来吃饭。,51
许野,谢谢阿姨，,51
江美琳,快去吧，,51
陈青青,进来吧。,51
许野,好香啊，,51
陈青青,你又胡说，哪有什么味道？,51
许野,青青，,51
许野,你妈对我越来越好了，,51
许野,她是不是把我当女婿了呀？,51
陈青青,刚说完，,51
陈青青,你又胡说，,51
陈青青,你又胡说，,51
陈青青,你又胡说是不是，你又胡说是不是，哈哈哈哈。,51
陈寒松,美琳，青青呢，,51
陈寒松,她终于回来了，,51
江美琳,你来得正好，他们在房间里，快叫他们吃饭。,51
陈寒松,他们？,51
江美琳,对啊，他们。,51
陈寒松,许野啊？,51
陈青青,让你胡说，,52
陈青青,别胡说，,52
陈青青,你又挠我。,52
陈青青,你耍流氓，,52
许野,你在上面到底是谁耍流氓，,52
陈青青,裤子里有什么东西啊？,52
陈青青,顶到我了。,52
许野,还不都是因为你造成的,52
陈青青,明明是你先挑的头啊。,52
许野,好好好，,52
许野,都是我，,52
许野,我负责。,52
陈寒松,青青，爸爸来了，出来吃饭！,52
陈青青,该去吃饭了。,52
许野,不行，,52
许野,我得缓一缓，,52
陈青青,你耍流氓。,52
江美琳,来小许多吃点菜，,52
许野,谢谢阿姨哇，,52
江美琳,都尝尝，尝尝我最拿手的糖醋里脊。,52
许野,这种糖醋里脊特别好吃，,52
许野,还有这个汤也特别鲜，,52
许野,红烧肉也不腻的，,52
江美琳,好吃就多吃点以后呀，,52
江美琳,欢迎你常来。,52
许野,一定常来，阿姨。,52
陈寒松,凭什么我一个人来的时候，,52
陈寒松,吃的是土豆丝炒姜丝，,52
陈寒松,他来了就吃这么好。,52
江美琳,干嘛，不吃就滚一边去。,52
江美琳,来多吃点儿。,52
江美琳,哎，,52
江美琳,青青，,52
江美琳,你怎么不吃肉呀，,52
江美琳,多吃一点儿尝尝红烧肉。,52
陈寒松,你跟我来一下，,53
陈寒松,我有事儿跟你聊。,53
许野,放心吧，,53
许野,没事哈。,53
陈寒松,你对付女人那一套在我这儿是没有用的。,53
陈寒松,你想都别想跟我女儿在一起，,53
陈寒松,我女儿不是你能高攀得起的。,53
许野,陈叔叔，,53
许野,这件事情您说的好像不算吧，,53
许野,江阿姨很支持我和青青在一起啊。,53
陈寒松,她是被你糊弄了。,53
陈寒松,我知道你看上青青就是看上了他的钱，,53
陈寒松,我们做笔交易吧，,53
陈寒松,我给你一笔钱，,53
陈寒松,跟我女儿分手怎么样，,53
许野,多少钱啊？,53
陈寒松,一百万,53
陈寒松,小子，我警告你,53
陈寒松,别太贪心了。,53
陈寒松,陈叔叔，,53
陈寒松,我给您一千万，,53
陈寒松,你以后能不能不要再管我和青青之间的事情了，,53
陈寒松,一千万你拿得出来吗？,53
陈寒松,嗯？,54
陈寒松,这么多钱啊，,54
陈寒松,你哪儿来的？,54
许野,当然是挣来的，,54
陈寒松,不可能你一个大学生凭什么挣这么多钱？,54
许野,在我上大学的第一个月，,54
许野,我就在学校开了一家水果店，,54
许野,收益还不错。,54
许野,后续我又开了一家公司，,54
许野,参与了一些投资，,54
许野,将挣的钱全部投入到股市。,54
许野,陈叔叔，您是银行的行长，,54
许野,您应该知道，,54
许野,从暑假开始，,54
许野, a 股的股市一直在涨，,54
许野,我还挺幸运的，,54
许野,买的股票都涨停了。,54
陈寒松,一个十八九岁的大学生开水果店开公司，又炒股，,54
陈寒松,不到半年就赚了一千多万。,54
陈寒松,这可能吗？,54
许野,陈叔叔，,54
许野,我知道你一直看不起我，,54
许野,但是说不定在未来的某一天，,54
许野,当我出现在银行门口，,54
许野,您看到我的时候也会点头哈腰得迎接我进去的，,54
许野,要不我们打个赌？,54
陈寒松,赌什么？,54
许野,如果在一年之内我能赚够一个亿的话，,54
许野,您答应我一件事情，,54
许野,反之，,54
许野,我答应您一件事情，,54
陈寒松,什么事儿？,54
许野,我现在还没想好，,54
许野,到时候再说吧，,54
许野,我先走了，,54
江美琳,你刚才又跟小许说什么了，,55
江美琳,小许刚才一出来就说有事情回家了，,55
陈寒松,你知道许野现在有多少钱吗？,55
江美琳,我不知道,55
陈寒松,他不到半年时间就挣了一千多万，,55
陈寒松,之前啊确实是我小看他了，,55
陈寒松,也看错他了。,55
江美琳,哼，那你现在是不反对青青和他交往了？,55
陈寒松,这一个毫无背景的普通大学生，这短短不到半年的时间就挣了一千多万。,55
陈寒松,这说给别人听啊，,55
陈寒松,那都不是简简单单的优秀了，,55
陈寒松,这得叫人中龙凤啊。,55
江美琳,我也一直觉得小许这个孩子不简单，,55
江美琳,他才刚上大学，,55
江美琳,就有一大堆女生要加他呢！,55
陈寒松,一大堆女生啊？这小子在学校也这么吃香啊，,55
陈寒松,他该不会做出对不起青青的事儿吧。,55
陈寒松,像他这样的年轻人又取得这么高的成就，,55
陈寒松,那肯定抵挡不住外边的诱惑呀。,55
江美琳,哼，你以为小许跟你一样啊？,55
陈寒松,我我只是忙于工作，,55
陈寒松,从不在外面沾花惹草,55
江美琳,不行，,55
江美琳,许野这太优秀了，,55
江美琳,得叫青青把她看紧点。,55
陈寒松,青青在外边呢嗯，我得找青青好好聊聊。,55
陈寒松,青青啊，,56
陈寒松,爸爸想跟你聊一下，,56
陈寒松,你跟许野的事儿。,56
陈寒松,你跟许野的事儿，,56
陈寒松,爸爸以后再不管了，,56
陈寒松,你从小到大都是个聪明的孩子，,56
陈寒松,爸爸相信你会有自己的判断。,56
陈寒松,我只是说不管了啊，,56
陈寒松,没答应你们在一起啊。,56
陈寒松,学校放假了，,56
陈寒松,就早点回来，,56
陈寒松,我和你妈商量了，,56
陈寒松,今年过年看能不能吃个团圆饭，,56
陈寒松,你在学校啊，,56
陈寒松,没事，也得回回爸爸的消息啊，,56
陈寒松,要不然爸爸总会担心你的。,56
陈寒松,好了好了，,56
陈寒松,别哭了啊。,56
许野,你爸，,56
许野,他走了，,56
许野,呐，把眼泪擦干净，,56
许野,我可以假装没看见。,56
陈青青,可是你已经看见了。,56
陈青青,可是你已经看见了，,57
许野,我都说了是假装没看见嘛。,57
许野,你爸都跟你聊什么了呀？,57
陈青青,不告诉你。,57
许野,你知道你爸跟我说什么了吗？,57
陈青青,你跟他聊了什么？,57
许野,你爸他说让我当你男朋友。,57
陈青青,许野你混蛋，我才不要当你女朋友。,57
许野,哎，,57
许野,你现在可迟了，,57
许野,这你爸妈，,57
许野,我爸妈，现在全天下人都知道咱们在谈恋爱了，,57
许野,你现在想后悔来不及了。,57
陈青青,那我不管。,57
许野,不管，由不得你。,57
陈青青,许野，住手，住手。,57
许野,青青能答应我一件事情吗？,57
陈青青,什么事儿，,57
许野,以后你不开心了。,57
许野,第一时间给我打电话。,57
陈青青,为什么？,57
许野,因为我就能以最快的速度出现在你面前，,57
许野,哄你开心。,57
陈青青,我才不好哄呢。,57
许野,我办法可多着呢，,57
陈青青,那是不是别的女孩不开心了，,57
陈青青,你也会这么哄她们，,57
许野,当然不会了。,57
许野,我只想让陈青青一个人开心，,57
许野,这全世界，,57
许野,我只想对陈青青一个人好。,57
许野,陈青青。,57
许野,陈青青。,57
许野,陈青青。,57
许野,陈青青青青青青青青。,57
许野,行了，,58
许野,你们都别送了，,58
许野,一会儿有车接我们去车站，,58
许向东,儿子没人送，,58
许向东,就自己去吧。,58
张虹,爱你。,58
许野,爱你给你准备了礼物就放床头了。,58
许向东,行了行了，马屁精。,58
许野,老许啊，也给你准备礼物了。,58
许向东,好儿子有空记得给家里打电话啊，,58
许野,走了爸，,58
许野,走了妈。,58
许野,拜拜回去吧。,58
许向东,这小子不会真被包养了吧，,58
张虹,说什么呢？,58
许向东,我这是对他的认可，,58
许向东,你不懂哎，,58
张虹,孩子收的礼物在哪儿呢？,58
张虹,你看，哎呦。,58
许向东,我说什么来着，,58
许向东,是不是被包养了？,58
秦志伟,许野，,58
秦志伟,你真的要做大学无人售货机吗？,58
秦志伟,这个投资可不小，,58
许野,投资的收益也会大。,58
许野,这个学校只是个开始，,58
许野,我会在全国的各所高校都会布置无人售货机，,58
许野,无人售货机，,58
许野,可是稳赚不赔的买卖。,58
许野,这个时间布置全国高校，,58
许野,到时候躺着都能收钱。,58
秦志伟,那咱们为什么不直接去后勤部找姜主任？,58
许野,有一些事情在学校内谈不太方便。,58
秦志伟,江主任？,58
许野,江校花怎么和江主任，在一起都姓江，,58
许野,他们不会有什么亲戚关系吧嗯。,58
许野,江大校花，,59
许野,你和学校后勤主任是什么关系？,59
江薇,他是我叔叔，,59
江薇,你怎么知道他跟我有关系啊？,59
江平,好，,59
江平,你先回吧。,59
许野,明天食堂见个面有点事情，,59
许野,找你聊下，,59
江薇,他怎么会找我有事情,59
江薇,你尝尝不错吧。,59
许野,江大校花，,59
许野,现在咱们聊聊吧，,59
江薇,在吃饭没空,59
许野,先吃吧，吃完再聊，,59
江薇,随你。,59
NPC,这是谁啊？,59
NPC,凭什么坐在江娜小花面前，太勇了吧，,59
NPC,江大小姐可不是这样的人，,59
NPC,等着看好戏吧，,59
NPC,不是凭什么呀？,59
NPC,你们连许野都不认识啊，,59
NPC,他在我们学校论坛可出了名的，,59
NPC,没想到跟校花谈恋爱了,59
NPC,我赶紧发到网上去走吧。,59
江薇,说吧，,59
江薇,什么事情。,59
江薇,说吧什么事情。,60
许野,那我就开门见山了，,60
许野,我要找你叔叔请教些问题，,60
许野,需要你引荐一下，要求你可以随便提，,60
许野,只要不是太过分,60
江薇,你找我叔叔什么事情，,60
许野,我想要做学校无人售货机。,60
许野,这个事情一般都是学校和后勤部负责的。,60
江薇,我可以帮你。,60
江薇,但是我有个条件。,60
许野,什么条件？,60
江薇,我要入股。,60
许野,啥？,60
江薇,你不是已经创建公司了吗？,60
江薇,我也要入股你的公司，,60
许野,那你有钱吗？,60
江薇,如果我出一百万呢，,60
江薇,能占多少股份，,60
许野,这个学校无人售货期的话，,60
许野,能占百分之二十五。,60
江薇,行，那就这么说定了，,60
江薇,明天带你回家见我叔叔。,60
江薇,好嘞，,60
许野,那我先回去了。,60
江薇,把我妈留给我的钱转给我。,60
江平妻子,哎谁呀？,61
江平妻子,你去看一下。,61
江薇,阿姨,61
江平妻子,薇薇来了，吃饭了没？快进屋。,61
江平妻子,他是你男朋友，,61
江薇,不是，就只是朋友。,61
江平,薇薇，你这是？,61
江薇,叔叔，他是许野，金融系大一的新生。,61
江薇,这次来是有事情，,61
江薇,想要找您请教一下的哦，,61
江平妻子,来坐坐坐。,61
江平妻子,来坐坐坐，,61
江平妻子,你们找我什么事儿？,61
许野,江主任您好，,61
许野,我是金融系大一新生，,61
许野,我叫许野。,61
许野,我们现在有一个在校大学生创业的服务叫无人机售后服务，,61
许野,它呢可以进行线上支付，,61
许野,购买任何的商品，,61
许野,非常的方便简洁。,61
许野,您可以先看一下，,61
江平妻子,你真是金融系大一的新生？,61
江平妻子,对，这事儿你们应该找我。,61
江平妻子,不过这事情啊可没有你们想象的这么简单。,61
江平妻子,哎呀，,61
江薇,叔叔，,61
江薇,许野是我的朋友，,61
江薇,这件事情你就帮帮他嘛，,61
江平,果然是这样，薇薇如果跟他真的没关系，,61
江平,怎么会帮他，,61
江平,你跟我进来一下。,61
江平,薇薇啊，,62
江平,你跟叔叔说实话，,62
江平,你跟这个许野到底什么关系？,62
江平,哎呀，,62
江薇,叔叔真的就只是朋友，,62
江平,不可能，只是朋友，,62
江平,你不会把他带家里。,62
江薇,我们除了是朋友还是合作伙伴。,62
江薇,叔叔，许野刚刚说的项目真的能赚钱吗？,62
江平,你这个朋友啊真是个天才，,62
江平,大一就有如此敏锐的嗅觉，,62
江平,以后前途不可限量啊！,62
江平,这么优秀的朋友，,62
江平,真的只会是普通朋友吗？,62
江平,我出去再跟他聊聊，,62
江平,坐坐坐，,62
江平,我知道你要干什么。,62
江平,这大院校的后勤部负责人我都认识，,62
江平,我也可以把他们都介绍给你。,62
江平,不过我这可是看在薇薇的面子上才帮你的，,62
许野,我懂你的意思。,62
许野,微微以后一定是我最坚实的合作伙伴，,62
江平,咱们再推演一下。,62
许野,好，,62
许野,我们这个项目啊它是非常超前的。,62
许野,还是大学主任厉害呀，,62
许野,你叔叔的水准就是高，有他帮忙，,62
许野,咱们这事儿就简单多了。,62
江薇,那你打算怎么谢我？,62
许野,谢你？,62
许野,对啊，,62
江薇,这事儿要是没有我，,62
江薇,你一个人能说成吗？,62
许野,咱们现在是合伙人，,62
许野,你帮我不就是他帮你自己吗？,62
许野,况且咱们还有很多事情要做，,62
许野,接下来就是创建一个商贸集团。,62
江薇,我可以当咱们公司的财务负责人，,62
江薇,我们学校的王牌专业就是金融和会计，,62
江薇,我大一的时候就已经是年级第一了，,62
江薇,会计证我也考下了。,62
许野,江大校花儿厉害呀！,62
江薇,那就祝我们创业顺利，,62
江薇,合作愉快。,62
许野,合作愉快。,62
NPC,薇薇，你怎么还不进去啊？,63
江薇,我在等人,63
NPC,那我先进去了。,63
许野,江薇,63
许野,哎呀，,63
许野,不好意思，,63
许野,班主任找我有点事儿来晚了，,63
NPC,真是他呀。,63
NPC,论坛里都说许野是薇薇男朋友，,63
NPC,薇薇不会真谈恋爱了吧，,63
江薇,进去再说吧。,63
江薇,许野，卡号发我,63
江薇,我给你打过去哦，,63
许野,发你了，,63
许野,来，,63
许野,你先看一下啊。,63
刘倩,许野，,63
刘倩,这个渣男，不是有女朋友吗？,63
刘倩,还和校花牵扯不清，,63
刘倩,他这是脚踏两条船呀，,63
顾梦瑶,居然真的跟秦志伟说的一样，,63
顾梦瑶,他又当了班长，,63
顾梦瑶,还开了水果店，,63
顾梦瑶,他凭什么离开我，,63
顾梦瑶,能过得这么好？,63
刘倩,梦瑶，,63
刘倩,咱们走吧。,63
刘倩,许野，,63
刘倩,他虽然有钱，,63
刘倩,可他是个渣男啊，,63
顾梦瑶,我这次来许野学校，,63
顾梦瑶,为的就是挽回我们之间的感情，,63
刘倩,挽回感情？,63
顾梦瑶,我和许野才是最合适的。,63
顾梦瑶,他先前追了我三年，,63
顾梦瑶,心里肯定是有我的，,63
顾梦瑶,只是被一些小三插手进来。,63
顾梦瑶,我现在也想明白了，,63
顾梦瑶,我心里喜欢的就是许野，,63
顾梦瑶,我要去接受他的心意。,63
刘倩,可是他有女朋友，还是两个！,63
刘倩,很快，他一个女朋友都不会有。,63
江薇,许野，,64
江薇,我给你打了一百万，,64
江薇,才只能占到百分之二十五。,64
江薇,你真的有三百万吗？,64
许野,放心吧，,64
许野,骗不了你。,64
江薇,我叔叔说，,64
江薇,你就是普通家庭，,64
江薇,这些钱都是你赚的？,64
江薇,当然了，,64
许野,我可是金融天才，只要给我足够的资金，,64
许野,巴菲特也没有我能挣钱。,64
江薇,许野，我想和你一起赚钱。,64
许野,我们不是就在一起赚钱吗？,64
江薇,我是说除了这个项目之外，,64
江薇,我也要和你一起挣钱，,64
江薇,可以啊，,64
许野,合作愉快。,64
江薇,合作愉快。,64
秦志伟,许野，,64
秦志伟,你说这个自动售货机真挣钱啊，,64
秦志伟,我兄弟们也开始赚钱了，,64
杨飞,这以后可得叫许总了。,64
杨飞,你可是许总的好兄弟，,64
杨飞,这以后的好处可少不了你的。,64
许野,只要把这个铺开，,64
许野,就离我的小目标前进了一大步。,64
江薇,许野，许野,64
江薇,我们是不是挣了好多钱？,64
江薇,我看到咱们的无人收货机前面有好多人排队。,64
许野,淡定，,65
许野,这还只是个开始，以后会挣更多的钱的。,65
许野,不过我们需要尽快把场地全部铺开，,65
江薇,你是不是能看到后台，,65
江薇,我也要看,65
许野,没问题啊，不过这是公司机密，,65
许野,可不能泄露啊。,65
江薇,我明白。,65
许野,你看。,65
江薇,哦是这样，,65
秦志伟,这小子到底是怎么回事，,65
秦志伟,不是已经有女朋友了吗？,65
秦志伟,不会脚踏两只船吧。,65
张信舟,你好，,65
张信舟,欢迎光临。,65
江美琳,你好，,65
江美琳,我找一下许野。,65
许野,江阿姨！,65
许野,给大家介绍一下，这位是青青的妈妈，,65
许野,我未来的丈娘啊。,65
江美琳,你们好，,65
江美琳,你也是xuye的同学吧。,65
江美琳,真漂亮，,65
许野,这位是姜薇，,65
许野,我们一起合伙开商贸公司，,65
许野,而且还在做无人售货机项目。,65
江薇,阿姨，,65
江薇,你真年轻，,65
江美琳,才刚刚大一，赚了一千万不说，,65
江美琳,还开了商贸公司，,65
江美琳,难怪就连这么漂亮的女生都围在他身边，,65
江美琳,青青那个傻丫头都不知道这件事儿吧。,65
江美琳,我姓江，,66
江美琳,你也姓江，,66
江美琳,看来我们很有缘分。,66
江薇,是啊，,66
江美琳,小许，,66
江美琳,我这次来的仓促，,66
江美琳,正好公司在附近开个会，,66
江美琳,想着顺便过来看看，,66
江美琳,然后再一起去找青青。,66
江美琳,你要不要跟我一起去找青青啊？,66
许野,那当然了，,66
许野,正好蹭您的车过去。,66
江美琳,走吧。,66
许野,你们先忙啊，,66
江美琳,看来你在大学也是风云人物呀，,66
江美琳,都做了这么多的生意，,66
许野,这不是为了挣钱吗？,66
江美琳,可往往事业会占据更多时间，,66
江美琳,这样的话，你就没时间陪家里人了。,66
许野,所以我创业了呀，,66
许野,我自己当老板，,66
许野,我想几点上班，,66
许野,就几点上班。,66
许野,青青！,66
陈青青,你怎么突然就来了，,66
陈青青,我刚还在洗头呢，,66
陈青青,头发都没吹干。,66
许野,怪我来的太快了呗。,66
陈青青,现在几点了？,66
陈青青,这个时间我们刚好可以去吃饭。,66
陈青青,这一周我和若蔚发现了一家可好吃的汤面店，,66
许野,你这头发要不要先吹干啊，,66
陈青青,不用一会儿风就吹干了。,66
陈青青,哎呀，,66
陈青青,快走吧，,66
陈青青,我都饿了，,66
许野,其实我今天不是一个人来的啊，,66
陈青青,什么意思啊？,66
江美琳,这还是我女儿吗？,66
江美琳,青青。,66
陈青青,妈。,66
陈青青,妈，,67
陈青青,你怎么来了？,67
江美琳,妈妈过来出差，,67
江美琳,顺便来看看你，,67
江美琳,你和小许准备去哪儿啊？,67
许野,呃，,67
许野,青青说，,67
许野,发现了一家非常好吃的汤面店，,67
许野,准备带我们一起去吃呢。,67
江美琳,那上车吧，,67
江美琳,我们一起过去。,67
许野,哎。,67
许野,好。,67
许野,你可不能怪我，是你妈,67
许野,不让我告诉你的，,67
许野,我总不能不听她的话吧。,67
江美琳,天气快降温了，,67
江美琳,天冷了，,67
江美琳,洗完头发一定记得要吹干啊。,67
江美琳,今晚吃完饭就别回去了，,67
江美琳,跟妈妈一起住酒店，,67
江美琳,妈妈再帮你开一间。,67
陈青青,嗯。,67
许野,青青啊，刚刚那家汤面还真不错，,67
许野,还得是你呀，,67
许野,这么会找。,67
陈青青,那必须的，我可是找了好久，,67
陈青青,一开学就去了。,67
江美琳,小许，,67
江美琳,今天辛苦了，,67
江美琳,早点回去休息吧。,67
江美琳,青青，来妈妈房间，,67
江美琳,我有事跟你说。,67
江美琳,青青，,67
江美琳,我下午去了趟小许的学校，,67
江美琳,你知道他的水果店叫什么名字吗？,67
陈青青,我知道啊。,67
江美琳,除了水果店之外，,67
江美琳,他还做起了无人售货机的生意。,67
陈青青,我也知道啊。,67
江美琳,那你知不知道，小许的合伙人里面有一个很漂亮的姑娘？,67
江美琳,你放心吧，,68
江美琳,我都替你打探好了，,68
江美琳,他们确实只是普通朋友的关系。,68
江美琳,而且这个姑娘知道你和小许在谈朋友。,68
陈青青,什么谈朋友，,68
陈青青,没有。,68
江美琳,你们还没确定关系啊？,68
陈青青,没有。,68
江美琳,那我就不知道了。,68
江美琳,反正所有人都知道小许有个女朋友，,68
江美琳,而且就是你她的手机屏保上都是你的照片。,68
陈青青,我还没有同意，,68
陈青青,他就到处乱说。,68
江美琳,反正妈妈是不会阻止你谈恋爱的，,68
江美琳,而且我会支持你做任何想做的事情。,68
江美琳,不过你千万不能仗着别人喜欢你，,68
江美琳,就觉得他对你的好是理所当然，,68
江美琳,不管是友情还是爱情，,68
江美琳,都需要两个人共同经营。,68
陈青青,知道了。,68
陈青青,他是不是真的跟所有人都说我是他的女朋友？,68
陈青青,开门，你是不是跟别人说我是你女朋友？,68
陈青青,你是不是跟别人说我是你女朋友？,69
许野,对呀。,69
陈青青,你不要脸。,69
许野,你又不是不知道我们学校，,69
许野,那是男生少女生多。,69
许野,我开学第一天就有人看上我，,69
许野,我要不说我有女朋友，,69
许野,那追我的女生能排到法国。,69
陈青青,那你就胡说八道，,69
陈青青,我还没有答应你。,69
许野,对对对，,69
许野,我胡说八道，,69
许野,那你什么时候答应我？,69
陈青青,我也不知道。,69
许野,梳妆台有吹风机，要不要先把头发吹了？,69
陈青青,嗯。,69
许野,哎，来，我帮你，我可是专业的。,69
许野,刚好。,69
江美琳,不行，明天就要离开魔都了，,69
江美琳,有些话还是要交代一下许野。,69
江美琳,许野，开下门。,69
陈青青,怎么办？,70
陈青青,呃。,70
许野,要不你先去卫生间里躲一下？,70
许野,我去应付一下。,70
许野,你妈应该在我这儿待不了多久。,70
许野,哎，,70
许野,阿姨，你找我？,70
江美琳,明天一大早，,70
江美琳,我就要去公司里忙事情。,70
江美琳,离开之前我会给这间房续费，,70
江美琳,明天早上你帮我跟青青解释一下啊。,70
许野,没问题。,70
江美琳,青青是不是在你房间啊？,70
许野,啊，对。,70
江美琳,你的房间里全是我女儿身上的味道，,70
江美琳,我一进来就闻到她身上常用的洗发水的香味。,70
许野,呃，,70
许野,我们就，我们只是聊聊天，,70
许野,怕你误会，,70
许野,所以她躲卫生间里去了，,70
许野,我们什么都没有做啊。,70
江美琳,别睡太晚。,70
江美琳,女孩子熬夜对各方面有很大影响哦。,70
陈青青,你干什么？,70
许野,我不爽，,70
许野,明明咱们什么都没有做，,70
许野,就像被抓包了一样。,70
许野,要是现在不做点什么，,70
许野,那我岂不是亏了？,70
陈青青,那你要做什么？,71
陈青青,晚安。,71
陈青青,无耻流氓，大坏蛋。,71
陈青青,嗯。,71
许野,好了，,71
许野,我先回去了啊，,71
许野,下周我有点事情，,71
许野,可能就不能来找你了。,71
陈青青,好吧，,71
陈青青,下周我也有事情。,71
许野,那我先走了。,71
江美琳,你知不知道小许的合伙人里面有一个很漂亮的姑娘，,71
江美琳,不管是友情还是爱情，,71
江美琳,都需要两个人共同经营。,71
陈青青,我可以去找你啊，,71
陈青青,我又不是路痴，,71
陈青青,可以自己过去的。,71
江薇,许野，我们现在已经在二十三所高校扩招了五人售货机，,72
江薇,其中每所高校每天纯利润都有一万多，,72
江薇,我们现在一天就能赚二十三万，,72
江薇,而且这销售额还在提升。,72
许野,这也多亏了各大高校的代理。,72
许野,只要咱们坚持过这个月，,72
许野,就能在各大高校站稳了。,72
npc,我这是在做梦吗？,72
npc,你这发小也强到没边了，,72
秦志伟,一天赚二十三万，许野，,72
秦志伟,你这一天的收入比我家全年的收入都高啊。,72
许野,志伟，,72
许野,你现在是其他高校的总代理了，,72
许野,一会儿你去财务支一笔钱给所有代理发奖金，,72
许野,然后告诉他们，,72
许野,只要好好干，奖金少不了。,72
秦志伟,好！,72
许野,需要给你支一笔钱吗？,72
江薇,不需要。这笔钱，投入,72
江薇,其他高校吧，,72
江薇,我们多赚点。,72
许野,看不出来啊，,72
许野,你还挺喜欢赚钱的。,72
江薇,那当然，赚钱才是最重要的。恋爱，狗都不谈。,72
许野,多亏了江主任的关系，自动售货机才能扩张的这么快，,72
许野,只是他一个主任居然人脉这么好。,72
npc,许总，,72
npc,后勤部的江主任有事找您。,72
许野,好，我这就过去，,72
许野,你们继续。,72
许野,江主任，哎，,73
许野,不好意思啊，,73
许野,你们先聊，我先走了。,73
npc,不用走了，,73
npc,就是来找你的。,73
npc,哎，,73
npc,来来来来来坐。,73
江潮,你好，,73
江潮,我是江薇的父亲。,73
许野,你好。,73
江潮,请坐。,73
许野,江叔叔，您找我有什么事儿吗？,73
江潮,江薇有跟你提起过我吗？,73
江潮,她是怎么说的？,73
许野,她跟我说的也不多，,73
许野,但我能感觉到她挺恨你的。,73
江潮,我确实亏欠了她很多，,73
江潮,但我一直都很爱她。,73
江潮,跟她的妈妈，咱们之间。,73
许野,我知道你今天找我肯定有事儿，,73
许野,你可以直接说，不用兜圈子的。,73
江潮,我知道你是小薇的合伙人，,73
江潮,你们的无人售货机项目，,73
江潮,现在已经被别人盯上了，,73
江潮,马上将要迎来巨大的竞争。,73
江潮,所以你们铺货的速度还得再加快一点。,73
许野,我们也想加快速度，,73
许野,主要是没什么背景。,73
江潮,不瞒你说啊，,73
江潮,我是复大经济学院的院长，,73
江潮,你可以在官网上查到我的资料。,73
江潮,呃，,73
江潮,你可以把你想要优先铺货的学校名单给我一份。,73
江潮,我自认，,73
江潮,还有一些人脉，可以帮你联系一下。,73
许野,多谢江叔叔。,73
江潮,不用谢，,73
江潮,我做这些都是为了我的女儿。,73
江潮,我知道你对投资很感兴趣。,73
江潮,如果需要的话，,73
江潮,我可以帮你多介绍一些这方面的资源。,73
许野,江叔叔，,73
许野,你放心吧，,73
许野,我肯定不会让江薇吃亏的，,73
许野,我会尽全力缓和你们的误会。,73
江潮,那真是太感谢了。,73
陈青青,陈青青，,74
陈青青,你真是个大笨蛋，,74
陈青青,连公交车都不会坐，,74
陈青青,还说你自己不是个路痴。,74
npc,嘿嘿嘿嘿美女美女。,74
陈青青,你别过来！,74
许野,诶，青青。,74
陈青青,许野，我好害怕，你来接我好不好？,74
许野,现在在哪？,74
许野,等我，,74
许野,我马上到。,74
陈青青,许野，你怎么才来啊？,74
许野,青青，,74
许野,你没事吧？,74
陈青青,我今天六点半就起床了，,74
陈青青,我，我想给你个惊喜来着，,74
陈青青,可是我连公交车都不会坐，,74
陈青青,我真是个路痴，,74
陈青青,我好笨。,74
许野,好了，不哭了啊，,74
许野,有我在呢，,74
许野,我先送你去酒店，,74
许野,好不好？,74
许野,带换洗的衣服了吗？,75
陈青青,嗯。,75
许野,那你赶紧洗个热水澡，,75
许野,今晚好好休息啊，,75
许野,好了，不哭了啊。,75
许野,有我在呢。,75
陈青青,可是他就开了一间房，,75
陈青青,今天不会也要住在这里吧。,75
许野,洗好了，过来，我帮你吹头，,75
许野,脸怎么这么红啊，,75
许野,是不是发烧了呀？,75
陈青青,水温太烫了。,75
许野,没发烧就行。,75
许野,你下次可不能再这样了。,75
许野,我今天上午出去办点事儿，,75
许野,你给我打电话的时候，,75
许野,我刚好回来，,75
许野,我要是没回来，,75
许野,我没办法，,75
许野,第一时间赶到你面前的。,75
陈青青,我知道了。,75
许野,怎么还光着脚呢？,75
许野,哎。,75
陈青青,你干什么？,75
陈青青,我答应过我妈的，,75
陈青青,现在还不行。,75
许野,给你穿袜子，,76
许野,怕你感冒了。,76
陈青青,我自己来。,76
许野,别动，我来。,76
陈青青,看什么呀？别看。,76
许野,这看两眼，还不让看了。,76
许野,我刚才差点没忍住，,76
许野,想亲一口。,76
陈青青,大色狼，你离我远点儿。,76
许野,那行，,76
许野,那我先回宿舍洗个澡，,76
许野,换身衣服，,76
许野,待会我给你送饭，,76
许野,顺便再给你拿一个卫衣。,76
许野,一会儿啊，,76
许野,我给你发消息，,76
许野,你再开门，,76
许野,陌生人敲门，,76
许野,千万别开。,76
陈青青,嗯，,76
陈青青,我知道了。,76
许野,待会儿要是冷的话，,76
许野,把空调的温度再提高一下。,76
陈青青,我知道了，,76
许野,我喜欢你。,76
陈青青,我知道啊。,76
许野,我可没开玩笑哦，,76
许野,那我先走了。,76
陈青青,我也有一点喜欢你，一点点。,76
npc,这女生谁啊？真漂亮。,76
npc,不知道啊，,76
npc,肯定不是我们学校的。这许野，不是和校花江薇在一起吗？,76
npc,不是，,76
npc,这家伙身边为什么都是美女啊？,76
陈青青,许野，,76
陈青青,你觉得我跟江薇谁更好看？,76
陈青青,许野，,77
陈青青,你觉得我跟江薇谁更好看呢？,77
许野,当然是你好看了，,77
许野,怎么，吃醋了？,77
陈青青,才没有吃醋呢，你把手放开。,77
许野,江薇和我是合伙人，,77
许野,我们一起做生意，,77
许野,平常走的比较近，,77
许野,所以大家难免会误会我们谈恋爱。,77
许野,今天刚好可以向大家证明一下，,77
许野,你才是我女朋友。,77
陈青青,我才不是你女朋友。,77
许野,知道了，知道了，,77
许野,我朋友都在办公室那边，带你去介绍认识一下。,77
许野,嗯。,77
npc,这许野还真是厉害，,77
npc,和这么多高校居然都有关系。,77
npc,按照这样的话，,77
npc,他将成为全国高校最大的无人售卖机之王。,77
npc,哎，,77
npc,伟哥，,77
npc,这许野他真有女朋友？,77
秦志伟,嗯。,77
npc,比江薇还好看？,77
秦志伟,差不多吧，,77
秦志伟,反正都很漂亮。,77
npc,我不信，江薇那样的美女，,77
npc,那已经很少见了，,77
npc,还哪有那么多美女，,77
npc,还跟许野也都有关系啊。,77
许野,各位，给大家介绍一下，,77
许野,这是我女朋友陈晶晶。,77
许野,这是我女朋友陈青青。,78
npc,欢迎欢迎欢迎欢迎欢迎欢迎。,78
杨飞,这小子上辈子积什么德了，,78
杨飞,还真有这么好看的女朋友。,78
陈青青,你们好。,78
许野,这是张信舟，李同文。笑最猥琐这一个，叫杨飞。,78
许野,秦志伟，伟哥，,78
许野,你也认识。江薇呢？,78
许野,她去哪儿了？,78
张信舟,他刚才有事出去了，,78
张信舟,不知道去哪了。,78
许野,那我也出去一趟。,78
江薇,你说有关于许野的事情是什么情况啊？,78
顾梦瑶,我是许野的前女友，,78
江薇,嗯。,78
顾梦瑶,他其实就是一个彻头彻尾的渣男，,78
顾梦瑶,他脚踏两只船，,78
顾梦瑶,我和他的关系都还没结束，,78
顾梦瑶,他就找到了新的女朋友。,78
江薇,然后呢？,78
顾梦瑶,我知道你在和他谈恋爱，,78
顾梦瑶,但他现在还有别的女朋友，,78
顾梦瑶,而且他们现在就在学校里面。,78
江薇,所以呢？,78
顾梦瑶,你这怎么忍得下去，,78
顾梦瑶,你可是校花呀，,78
顾梦瑶,他都脚踏两只船了。,78
江薇,那我应该怎么做啊？,78
顾梦瑶,我知道他在哪，,78
顾梦瑶,我带你去捉奸，,78
顾梦瑶,我要让所有人都知道，,78
顾梦瑶,他其实就是一个渣男。,78
许野,怎么样？,79
许野,现在安心了吧。,79
陈青青,安心什么，跟我又没关系。,79
许野,你是我女朋友，,79
许野,怎么跟你没关系了。,79
陈青青,我还没有答应你呢。,79
npc,你看那，快看快看快看快看，,79
npc,这也太浪漫了吧。,79
许野,陈青青，,79
许野,我喜欢你，做我女朋友吧。,79
npc,好漂亮的女生啊，,79
npc,她是我们学校的吗？,79
npc,在一起，在一起，,79
npc,在一起，,79
npc,在一起，在一起，在一起，在一起，在一起，在一起。,79
许野,你这是答应了？,79
陈青青,起来再说。,79
许野,你先回答我答不答应。,79
陈青青,我答应你，起来起来。,79
许野,这可是你说的，你不许反悔啊。,79
陈青青,就知道欺负我。,79
陈青青,我什么时候欺负你了。,79
顾梦瑶,许野，,79
顾梦瑶,你就是个渣男，,79
顾梦瑶,脚踏两只船。,79
许野,顾梦瑶、,79
许野,江薇。,79
顾梦瑶,陈青青，,79
顾梦瑶,你别相信他，,79
顾梦瑶,他就是个渣男。,79
顾梦瑶,他跟你在一起的时候和我都还没有分开呢。,79
顾梦瑶,大家赶紧过来看啊，,79
顾梦瑶,这个人玩弄别人的感情，,79
顾梦瑶,脚踏两只船，,79
顾梦瑶,简直就是个人渣。,79
许野,顾梦瑶，,80
许野,你疯了吧，,80
许野,咱们什么时候在一起过。,80
顾梦瑶,你之前一直追求我，,80
顾梦瑶,我也没有拒绝，谁让你去追别的女生的？,80
顾梦瑶,再说了，,80
顾梦瑶,你都跟你们学校的校花在一起了，,80
顾梦瑶,居然还去跟音乐学校的校花在一起？,80
顾梦瑶,这不是脚踏两只船是什么？,80
顾梦瑶,大家赶紧曝光。,80
npc,还有这种瓜啊，,80
npc,这不是许野吗？,80
npc,那个水果店的老板，,80
npc,可是风云人物呢。,80
npc,果然啊男人有钱就变坏。,80
顾梦瑶,你现在看清楚他的为人了吧，,80
顾梦瑶,他根本就是有女朋友的。,80
江薇,我一直都知道他有女朋友，,80
江薇,但是他有女朋友跟他的为人有什么关系啊？,80
顾梦瑶,你是他女朋友啊，,80
顾梦瑶,他出轨了。,80
江薇,谁跟你说我是他女朋友的？,80
顾梦瑶,你不是他女朋友啊？,80
江薇,你就是许野的女朋友吧，,80
江薇,一直听许野提起过你，,80
江薇,只是你这么漂亮，,80
江薇,怎么会看上这么丑的人啊？,80
顾梦瑶,嗯，,80
顾梦瑶,耍我？,80
陈青青,我也听许野说起过你。,80
许野,江薇，别以为你是我的合作伙伴就可以,80
许野,胡乱说话。,80
npc,江大校花没跟许野在一起？,80
npc,不是，到底谁说他们在一起的？,80
npc,对啊，,80
npc,他们在校园内从来没有亲密动作的。,80
npc,我一直以为大家磕 CP 呢。那，这个人是谁啊？,80
npc,她是我们学校的吗？,80
江薇,你不是我们学校的吧，,81
江薇,混入我们学校，,81
江薇,就是为了栽赃陷害别人吗？,81
npc,对啊，,81
npc,这到底怎么回事啊，,81
npc,我差点被他骗了。,81
npc,我就说我就说许野肯定不会做出那样的事。,81
npc,对，,81
npc,当时有很多人都追他，,81
npc,他连微信都改成了。,81
npc,已有女友。,81
npc,我朋友就是许野班的，,81
npc,他对许野可是赞不绝口。,81
顾梦瑶,我本来就没有胡说，,81
顾梦瑶,你当初一直都在追求我，,81
顾梦瑶,结果后来突然就有女朋友了，,81
顾梦瑶,这不是出轨是什么呀？,81
江薇,别人一直追求你，,81
江薇,你却吊着他，,81
江薇,他连放弃追求你的权利都没有吗？,81
江薇,你看上的都是什么货色呀，之前。,81
许野,还能因为什么呀，眼瞎了呗。,81
顾梦瑶,哎呀，,81
顾梦瑶,许野，,81
顾梦瑶,我知道错了，,81
顾梦瑶,我知道你还是爱着我的。,81
顾梦瑶,你当初追了我三年，,81
顾梦瑶,你现在肯定也还是爱着我的，,81
顾梦瑶,我们重新开始好不好？,81
顾梦瑶,你让我做什么，,81
顾梦瑶,我就去做什么，,81
顾梦瑶,我什么都听你的。,81
许野,我让你做什么，,81
许野,你就做什么？,81
顾梦瑶,嗯。,81
许野,那现在就请你从这里离开，,81
许野,永远消失在我的视线范围之内。,81
顾梦瑶,我不相信，我不相信你现在对我一点儿感觉都没有。,82
许野,我许野只爱陈青青一个，,82
许野,以前是，现在是，以后也是。,82
npc,我算是看明白了，,82
npc,这个女人先前一直吊着许野，,82
npc,现在许野混好了，,82
npc,又反过来追许野，,82
npc,脸皮这么厚，,82
npc,现在知道死缠烂打了，,82
npc,还捕风捉影，,82
npc,栽赃陷害。,82
顾梦瑶,你们都给我闭嘴，,82
顾梦瑶,你们都知道什么呀，,82
顾梦瑶,跟你们有什么关系啊？,82
顾梦瑶,许野，,82
顾梦瑶,你有什么了不起的，,82
顾梦瑶,不就是开了个破水果店吗？,82
顾梦瑶,追我的人那么多，,82
顾梦瑶,我肯定能找到比你更高的，,82
江薇,就凭你？,82
江薇,许野现在可是信野商贸集团的董事长，,82
江薇,旗下的无人售货机遍布四十多所高校，,82
江薇,每个月的收益都有数百万。,82
npc,每个月收益数百万？,82
顾梦瑶,数百万？,82
npc,这也太多了吧。,82
许野,江薇，,82
许野,虽然咱们是朋友，,82
许野,但你下次说话注意点，,82
许野,你把我的台词都说了，,82
许野,我说什么呀？,82
许野,是吧。,82
npc,您好，,82
npc,我们是市里新闻局的，,82
npc,您是信野商贸集团的董事长许野吗？,82
许野,是我。,82
npc,太好了，,83
npc,终于找到您了。,83
npc,市里想要给您做一个访谈，,83
npc,到时候参选全国十大杰出青年，,83
npc,您今天有时间配合,83
npc,我们做一下访谈吗？,83
陈青青,你要不……,83
许野,改天吧，,83
许野,今天我要陪我女朋友。,83
许野,这是我的名片，,83
许野,明天可以到我办公室来找我。,83
npc,好的，,83
npc,那我们明天见。,83
npc,这可是全国十大杰出青年啊，,83
npc,这也太厉害了吧。,83
npc,他的未来前途无量，,83
npc,事业爱情双丰收，,83
npc,真羡慕啊。,83
许野,我知道一个特别好玩的地方，,83
许野,我带你去。,83
顾梦瑶,月收入数百万，,83
顾梦瑶,全国十大几出青年，,83
顾梦瑶,凭什么他离开我之后能过得这么好。,83
顾梦瑶,明明一年多以前，,83
顾梦瑶,他只是我身边的一个舔狗，,83
顾梦瑶,一个备胎。,83
npc,老许，,84
npc,你可真厉害啊，,84
npc,你家许野都那么厉害了，,84
npc,你还一声不响呢。,84
许向东,领导。,84
npc,向东啊，我一直觉得你挺有能力的，,84
npc,像你这样有能力的人，,84
npc,我一向是很看重的。,84
许向东,是，是，谢谢领导，,84
许向东,我一定会好好努力的。,84
npc,下班别着急走，,84
npc,有个饭局，,84
npc,记得跟我参加一下。,84
许向东,好的，,84
许向东,领导。,84
许向东,你赶紧给我好好说，,84
许向东,到底怎么回事啊？,84
npc,你还不知道？来，,84
npc,你自己看。,84
许向东,全国十大杰出青年。,84
许向东,许野？,84
许向东,哎呀，,84
许向东,真是我儿子啊。,84
npc,对呀。,84
许向东,我得跟他妈说一声。,84
许向东,哎，,84
许向东,老婆，,84
许向东,咱儿子上新闻了！,84
陈寒松,一个毫无背景的普通人，,84
陈寒松,居然能够在大一的时候成为全国十大杰出青年。美琳啊，,84
陈寒松,你知道许野现在是全国十大杰出青年吗？,84
江美琳,我管他是不是全国十大杰出青年，,84
江美琳,我只知道我的女儿喜欢她。,84
许野,喂，,84
许野,江阿姨。,84
江美琳,小许啊，这次寒假回来，,84
江美琳,咱们两家见一下吧，,84
江美琳,你跟青青都谈这么久了，,84
江美琳,双方父母也该见面了，你觉得呢？,84
许野,妈，都听您的。,84
陈青青,什么妈，别乱叫。,84
陈青青,这是我妈不是你妈。,84
许野,都一样，都一样嘛。,84
许野,这马上就要见公婆了，,84
许野,怎么样，紧张吗？,84
陈青青,我才不紧张呢。,84
许野,真的吗？,84
许野,我早就把你的照片发给我妈了。,84
陈青青,那，那他们怎么说？,84
许野,你猜。,84
陈青青,许野。,84
许野,放心吧，我爸妈他们都很喜欢你的。,84
陈青青,真的？,84
许野,当然是真的。,84
许野,妈，爸，,85
许野,我把您未来儿媳妇领回来了啊。,85
张虹,哎呦。,85
陈青青,阿姨好，,85
陈青青,叔叔好。,85
张虹,哎，好。,85
许向东,你好，你好。,85
张虹,哎哟，这姑娘长得比照片上还漂亮。,85
张虹,你长得这么漂亮，,85
张虹,怎么看上我儿子了？,85
许野,哎，,85
许野,妈，,85
许野,我怎么了呀？,85
许野,我好歹也是全国十大杰出青年，,85
许野,那外面的人，,85
许野,都喊我许总呢。,85
张虹,你在外面是你的许总，在家里，,85
张虹,你也是许总啊？,85
许野,开玩笑，开玩笑，,85
许野,那在家里我不还是您儿子吗？,85
张虹,哎，,85
张虹,姑娘，,85
张虹,你父母怎么没一起来呢？,85
许野,陈叔叔和江阿姨一会儿就到。,85
张虹,没事儿，没事儿的，,85
张虹,主要是我和老许啊，,85
张虹,急着见儿媳妇呢。来早了，,85
张虹,来早了。,85
陈寒松,你这次特地跑回来，,86
陈寒松,就是为了给我看这账号啊？,86
许野,你可还记得咱们的赌注吗？,86
许野,现在你可欠我一个条件。,86
陈寒松,我不是答应你跟青青在一起了，,86
陈寒松,再也不干涉你们的恋爱。,86
陈寒松,但我警告你啊，,86
陈寒松,你要是对青青不好，,86
陈寒松,我绝不会轻易放过你。,86
许野,青青是跟江阿姨的，,86
许野,而江阿姨一直都支持我们在一起，,86
许野,你反对也没用。,86
陈寒松,你。那你说，什么条件？,86
许野,我要你和江阿姨复婚。,86
陈寒松,复婚？,86
许野,我知道你和江阿姨还是有感情的，,86
许野,你们各自离婚之后都没有再找，,86
许野,肯定是有复婚的想法。,86
陈寒松,我是有复婚的想法，,86
陈寒松,但是美琳她根本不会答应。,86
许野,不去做你怎么能知道呢？,86
许野,我给你写了一本恋爱秘籍，,86
许野,你接下来就按照上面的去做。,86
陈寒松,带着玫瑰花死缠烂打？,86
许野,陈叔叔，江阿姨，这是我爸妈。,86
陈寒松,你们好啊，,86
陈寒松,感谢你们生了一个这么优秀的儿子。,86
张虹,哪里呀？,86
张虹,是你们呀，养了一个好女儿。,86
张虹,我这都担心我儿子配不上你们家姑娘呢。,86
江美琳,怎么会呢？,86
陈寒松,我女儿青青的眼光啊确实不错，,86
陈寒松,就跟她妈一样，,86
陈寒松,确实错不了。,86
陈寒松,以后有空啊，,87
陈寒松,多聚聚。,87
许向东,一定一定。,87
陈寒松,那我们就先走了。,87
许向东,行，,87
许向东,有时间咱们再聚。,87
陈寒松,好。,87
江美琳,再见。,87
陈青青,叔叔再见，,87
陈青青,阿姨再见。,87
许向东,儿子，,87
许向东,这你这老丈人到底是干什么的，,87
许向东,那车可不便宜呢。,87
张虹,是啊。,87
许野,我不是说了吗？,87
许野,她爸是银行行长，,87
许野,她妈呢，是一家上市公司的总裁。,87
许向东,你，,87
许向东,你说的是真的呀？,87
张虹,哎呀，,87
张虹,儿子，咱们这个家庭身份，,87
张虹,呃，,87
张虹,这以后，哎呀，,87
张虹,你别被他们欺负了。,87
许野,咱家怎么了？,87
张虹,哎呦，,87
张虹,这。,87
许野,请允许我重新介绍，,87
许野,现在站在你们面前的，,87
许野,是全国十大杰出青年、信野商贸集团创始人兼董事长，许野。,87
许向东,哎呀，,87
许向东,儿子，,87
许向东,别说这车是你的啊，,87
许向东,回头借我开开。,87
许野,嗯，,87
许野,这车，可不是我的。,87
许野,这是我用您的身份信息，给您买的。,87
许野,这车是您的。,87
许向东,给我买的啊？,87
许向东,我的车？,87
张虹,老许。,87
许野,来吧，老许，许夫人。,87
许野,您请。,87
许向东,小许子，可以啊。,87
许野,哎。,87
陈寒松,青青啊，,88
陈寒松,我跟你妈考虑了一下，,88
陈寒松,已经复婚了。,88
江美琳,对，,88
江美琳,我们复婚了，,88
江美琳,我和你爸本来就还有感情，,88
江美琳,看他认错态度不错，,88
江美琳,就再给他一次机会。,88
陈青青,嗯。,88
张虹,哈哈哈就是呀，,88
张虹,太好了。,88
张虹,你看。,88
张虹,快快快，倒计时了。,88
所有人,五、四、三、二、一。新年快乐！,88
陈寒松,这是咱们两家人呢，第一次在一起过年，,88
陈寒松,我希望每一年啊咱们两家都能够和和睦睦地一起度过。,88
江美琳,好。,88
许野,爸，这有点你说错了，,88
许野,咱们现在已经是一家人了。,88
陈寒松,对对对，,88
陈寒松,咱们呀现在是一家人。,88
江美琳,对，一家人。,88
陈寒松,祝咱们一家人，越来越好。,88
所有人,越来越好。,88
所有人,红红火火，新年快乐。,88
陈青青,小心。笨猪，怎么喝这么多？,88
陈青青,笨猪，有你真好。,88
陈青青,我们要永远永远在一起。,88
许野,我们当然会永远在一起。,88
